ISO-10303-21;
HEADER;
/* Generated by software containing ST-Developer
 * from STEP Tools, Inc. (www.steptools.com) 
 */

FILE_DESCRIPTION(
/* description */ (''),
/* implementation_level */ '2;1');

FILE_NAME(
/* name */ 'leftbody.step',
/* time_stamp */ '2026-04-12T12:59:59+05:30',
/* author */ (''),
/* organization */ (''),
/* preprocessor_version */ 'ST-DEVELOPER v20.1',
/* originating_system */ 'Autodesk Translation Framework v14.24.0.0',
/* authorisation */ '');

FILE_SCHEMA (('AUTOMOTIVE_DESIGN { 1 0 10303 214 3 1 1 }','AP242_MANAGED_MODEL_BASED_3D_ENGINEERING_MIM_LF { 1 0 10303 442 3 1 4 }'));
ENDSEC;

DATA;
#10=MECHANICAL_DESIGN_GEOMETRIC_PRESENTATION_REPRESENTATION('',(#13),#2289);
#11=SHAPE_REPRESENTATION_RELATIONSHIP('SRR','None',#2296,#12);
#12=ADVANCED_BREP_SHAPE_REPRESENTATION('',(#14),#2288);
#13=STYLED_ITEM('',(#2305),#14);
#14=MANIFOLD_SOLID_BREP('left',#1239);
#15=(
BOUNDED_SURFACE()
B_SPLINE_SURFACE(1,2,((#2271,#2272,#2273,#2274,#2275),(#2276,#2277,#2278,
#2279,#2280)),.UNSPECIFIED.,.F.,.F.,.F.)
B_SPLINE_SURFACE_WITH_KNOTS((2,2),(3,2,3),(0.0350000000000001,0.465),(1.5707963267949,
2.36052626227691,3.15025619775892),.UNSPECIFIED.)
GEOMETRIC_REPRESENTATION_ITEM()
RATIONAL_B_SPLINE_SURFACE(((1.,0.923048517467147,1.,0.923048517467147,1.),
(1.,0.923048517467147,1.,0.923048517467147,1.)))
REPRESENTATION_ITEM('')
SURFACE()
);
#16=ELLIPSE('',#1286,4.94974746830584,3.5);
#17=ELLIPSE('',#1288,4.94974746830584,3.5);
#18=FACE_BOUND('',#150,.T.);
#19=FACE_BOUND('',#151,.T.);
#20=FACE_BOUND('',#153,.T.);
#21=FACE_BOUND('',#154,.T.);
#22=FACE_BOUND('',#156,.T.);
#23=FACE_BOUND('',#176,.T.);
#24=FACE_BOUND('',#177,.T.);
#25=FACE_BOUND('',#208,.T.);
#26=FACE_BOUND('',#212,.T.);
#27=FACE_BOUND('',#214,.T.);
#28=CYLINDRICAL_SURFACE('',#1262,1.54999999999999);
#29=CYLINDRICAL_SURFACE('',#1265,1.55);
#30=CYLINDRICAL_SURFACE('',#1281,5.);
#31=CYLINDRICAL_SURFACE('',#1284,3.5);
#32=CYLINDRICAL_SURFACE('',#1287,3.5);
#33=CYLINDRICAL_SURFACE('',#1290,3.5);
#34=CYLINDRICAL_SURFACE('',#1294,2.05);
#35=CYLINDRICAL_SURFACE('',#1297,6.25);
#36=CYLINDRICAL_SURFACE('',#1325,20.);
#37=B_SPLINE_SURFACE_WITH_KNOTS('',1,3,((#1718,#1719,#1720,#1721,#1722,
#1723),(#1724,#1725,#1726,#1727,#1728,#1729)),.UNSPECIFIED.,.F.,.F.,.F.,
(2,2),(4,1,1,4),(0.0399999999999999,0.46),(1.57079632677511,1.95766352801442,
2.21557499550729,2.47348646300016),.UNSPECIFIED.);
#38=B_SPLINE_SURFACE_WITH_KNOTS('',1,3,((#1745,#1746,#1747,#1748,#1749,
#1750,#1751,#1752),(#1753,#1754,#1755,#1756,#1757,#1758,#1759,#1760)),
 .UNSPECIFIED.,.F.,.F.,.F.,(2,2),(4,1,1,1,1,4),(0.0399999999999999,0.46),
(2.47982193572348,2.67364920434362,2.86747647296377,3.01284692442887,3.06130374158391,
3.15821737589398),.UNSPECIFIED.);
#39=B_SPLINE_SURFACE_WITH_KNOTS('',3,3,((#1960,#1961,#1962,#1963,#1964,
#1965,#1966,#1967,#1968,#1969,#1970,#1971,#1972),(#1973,#1974,#1975,#1976,
#1977,#1978,#1979,#1980,#1981,#1982,#1983,#1984,#1985),(#1986,#1987,#1988,
#1989,#1990,#1991,#1992,#1993,#1994,#1995,#1996,#1997,#1998),(#1999,#2000,
#2001,#2002,#2003,#2004,#2005,#2006,#2007,#2008,#2009,#2010,#2011),(#2012,
#2013,#2014,#2015,#2016,#2017,#2018,#2019,#2020,#2021,#2022,#2023,#2024)),
 .UNSPECIFIED.,.F.,.F.,.F.,(4,1,4),(4,1,1,1,1,1,1,1,1,1,4),(0.,0.571428571428571,
1.),(0.,1.48401357253088,4.45204071759263,6.92539667181076,7.17273226723257,
7.42006786265438,8.90408143518526,9.6460882214507,10.0170916145834,10.2025933111498,
10.3880950077161),.UNSPECIFIED.);
#40=B_SPLINE_SURFACE_WITH_KNOTS('',3,3,((#2056,#2057,#2058,#2059,#2060,
#2061,#2062,#2063,#2064,#2065,#2066,#2067,#2068,#2069),(#2070,#2071,#2072,
#2073,#2074,#2075,#2076,#2077,#2078,#2079,#2080,#2081,#2082,#2083),(#2084,
#2085,#2086,#2087,#2088,#2089,#2090,#2091,#2092,#2093,#2094,#2095,#2096,
#2097),(#2098,#2099,#2100,#2101,#2102,#2103,#2104,#2105,#2106,#2107,#2108,
#2109,#2110,#2111),(#2112,#2113,#2114,#2115,#2116,#2117,#2118,#2119,#2120,
#2121,#2122,#2123,#2124,#2125)),.UNSPECIFIED.,.F.,.F.,.F.,(4,1,4),(4,1,
1,1,1,1,1,1,1,1,1,4),(0.,0.571428571428571,1.),(0.,1.48401357253088,4.45204071759263,
6.92539667181076,7.17273226723257,7.42006786265438,8.90408143518526,9.6460882214507,
10.0170916145834,10.2025933111498,10.295344159433,10.3880950077161),
 .UNSPECIFIED.);
#41=CIRCLE('',#1258,1.54999999999999);
#42=CIRCLE('',#1259,1.55);
#43=CIRCLE('',#1263,1.54999999999999);
#44=CIRCLE('',#1266,1.55);
#45=CIRCLE('',#1270,5.);
#46=CIRCLE('',#1282,5.);
#47=CIRCLE('',#1285,3.5);
#48=CIRCLE('',#1289,3.5);
#49=CIRCLE('',#1292,20.);
#50=CIRCLE('',#1295,2.05);
#51=CIRCLE('',#1296,2.05);
#52=CIRCLE('',#1298,6.25);
#53=CIRCLE('',#1299,6.25);
#54=CIRCLE('',#1326,20.);
#55=B_SPLINE_CURVE_WITH_KNOTS('',3,(#1646,#1647,#1648,#1649,#1650,#1651),
 .UNSPECIFIED.,.F.,.F.,(4,2,4),(-4.2,-2.1,-1.04308142123699E-8),
 .UNSPECIFIED.);
#56=B_SPLINE_CURVE_WITH_KNOTS('',3,(#1662,#1663,#1664,#1665,#1666,#1667),
 .UNSPECIFIED.,.F.,.F.,(4,2,4),(-4.19999998956919,-2.1,0.),
 .UNSPECIFIED.);
#57=B_SPLINE_CURVE_WITH_KNOTS('',3,(#1672,#1673,#1674,#1675,#1676,#1677,
#1678,#1679,#1680,#1681),.UNSPECIFIED.,.F.,.F.,(4,3,3,4),(36.9875404496195,
39.3780931268924,40.5560825294476,46.5086697948779),.UNSPECIFIED.);
#58=B_SPLINE_CURVE_WITH_KNOTS('',3,(#1702,#1703,#1704,#1705,#1706,#1707,
#1708,#1709,#1710,#1711,#1712,#1713,#1714,#1715,#1716,#1717),
 .UNSPECIFIED.,.F.,.F.,(4,3,3,3,3,4),(34.118975530682,34.5200998114621,
34.7206619522465,35.3223483745995,36.1245969377369,36.9268455008743),
 .UNSPECIFIED.);
#59=B_SPLINE_CURVE_WITH_KNOTS('',3,(#1731,#1732,#1733,#1734,#1735,#1736,
#1737,#1738),.UNSPECIFIED.,.F.,.F.,(4,2,2,4),(18.6514353745373,20.2246517377728,
23.6243337805266,24.169677591851),.UNSPECIFIED.);
#60=B_SPLINE_CURVE_WITH_KNOTS('',3,(#1739,#1740,#1741,#1742,#1743,#1744),
 .UNSPECIFIED.,.F.,.F.,(4,2,4),(0.400000000000001,2.5,4.6),
 .UNSPECIFIED.);
#61=B_SPLINE_CURVE_WITH_KNOTS('',3,(#1762,#1763,#1764,#1765,#1766,#1767),
 .UNSPECIFIED.,.F.,.F.,(4,2,4),(-4.2,-2.1,0.),.UNSPECIFIED.);
#62=B_SPLINE_CURVE_WITH_KNOTS('',3,(#1768,#1769,#1770,#1771,#1772,#1773,
#1774,#1775,#1776,#1777,#1778,#1779,#1780),.UNSPECIFIED.,.F.,.F.,(4,2,2,
3,2,4),(24.2048247728499,25.096479254812,25.6675042343327,26.0928107623085,
26.3791149836066,26.5336193967793),.UNSPECIFIED.);
#63=B_SPLINE_CURVE_WITH_KNOTS('',3,(#1827,#1828,#1829,#1830,#1831,#1832,
#1833,#1834,#1835,#1836,#1837,#1838),.UNSPECIFIED.,.F.,.F.,(4,2,2,2,2,4),
(0.,0.136667771864641,0.273361622731051,0.410122228910293,0.48075398228059,
0.551408186070583),.UNSPECIFIED.);
#64=B_SPLINE_CURVE_WITH_KNOTS('',3,(#1842,#1843,#1844,#1845,#1846,#1847,
#1848,#1849,#1850,#1851,#1852,#1853),.UNSPECIFIED.,.F.,.F.,(4,2,2,2,2,4),
(0.,0.137051840989602,0.273891770014788,0.410625482685914,0.481040939753577,
0.55145383243826),.UNSPECIFIED.);
#65=B_SPLINE_CURVE_WITH_KNOTS('',3,(#1880,#1881,#1882,#1883,#1884,#1885,
#1886,#1887,#1888,#1889,#1890,#1891,#1892,#1893),.UNSPECIFIED.,.F.,.F.,
(4,1,1,1,1,1,1,1,1,1,1,4),(-10.3880950077161,-10.295344159433,-10.2025933111498,
-10.0170916145834,-9.6460882214507,-8.90408143518526,-7.42006786265438,
-7.17273226723257,-6.92539667181076,-4.45204071759263,-1.48401357253088,
0.),.UNSPECIFIED.);
#66=B_SPLINE_CURVE_WITH_KNOTS('',3,(#2025,#2026,#2027,#2028,#2029,#2030,
#2031,#2032,#2033,#2034,#2035,#2036,#2037),.UNSPECIFIED.,.F.,.F.,(4,1,1,
1,1,1,1,1,1,1,4),(-10.3775798439715,-10.2025933111498,-10.0170916145834,
-9.6460882214507,-8.90408143518526,-7.42006786265438,-7.17273226723257,
-6.92539667181076,-4.45204071759263,-1.48401357253088,0.),.UNSPECIFIED.);
#67=B_SPLINE_CURVE_WITH_KNOTS('',3,(#2038,#2039,#2040,#2041,#2042,#2043,
#2044,#2045,#2046,#2047,#2048,#2049,#2050),.UNSPECIFIED.,.F.,.F.,(4,1,1,
1,1,1,1,1,1,1,4),(0.,1.48401357253088,4.45204071759263,6.92539667181076,
7.17273226723257,7.42006786265438,8.90408143518526,9.6460882214507,10.0170916145834,
10.2025933111498,10.3880950077161),.UNSPECIFIED.);
#68=B_SPLINE_CURVE_WITH_KNOTS('',3,(#2128,#2129,#2130,#2131,#2132,#2133,
#2134,#2135,#2136,#2137,#2138,#2139,#2140,#2141),.UNSPECIFIED.,.F.,.F.,
(4,1,1,1,1,1,1,1,1,1,1,4),(0.,1.48401357253088,4.45204071759263,6.92539667181076,
7.17273226723257,7.42006786265438,8.90408143518526,9.6460882214507,10.0170916145834,
10.2025933111498,10.295344159433,10.3775911154935),.UNSPECIFIED.);
#69=FACE_OUTER_BOUND('',#137,.T.);
#70=FACE_OUTER_BOUND('',#138,.T.);
#71=FACE_OUTER_BOUND('',#139,.T.);
#72=FACE_OUTER_BOUND('',#140,.T.);
#73=FACE_OUTER_BOUND('',#141,.T.);
#74=FACE_OUTER_BOUND('',#142,.T.);
#75=FACE_OUTER_BOUND('',#143,.T.);
#76=FACE_OUTER_BOUND('',#144,.T.);
#77=FACE_OUTER_BOUND('',#145,.T.);
#78=FACE_OUTER_BOUND('',#146,.T.);
#79=FACE_OUTER_BOUND('',#147,.T.);
#80=FACE_OUTER_BOUND('',#148,.T.);
#81=FACE_OUTER_BOUND('',#149,.T.);
#82=FACE_OUTER_BOUND('',#152,.T.);
#83=FACE_OUTER_BOUND('',#155,.T.);
#84=FACE_OUTER_BOUND('',#157,.T.);
#85=FACE_OUTER_BOUND('',#158,.T.);
#86=FACE_OUTER_BOUND('',#159,.T.);
#87=FACE_OUTER_BOUND('',#160,.T.);
#88=FACE_OUTER_BOUND('',#161,.T.);
#89=FACE_OUTER_BOUND('',#162,.T.);
#90=FACE_OUTER_BOUND('',#163,.T.);
#91=FACE_OUTER_BOUND('',#164,.T.);
#92=FACE_OUTER_BOUND('',#165,.T.);
#93=FACE_OUTER_BOUND('',#166,.T.);
#94=FACE_OUTER_BOUND('',#167,.T.);
#95=FACE_OUTER_BOUND('',#168,.T.);
#96=FACE_OUTER_BOUND('',#169,.T.);
#97=FACE_OUTER_BOUND('',#170,.T.);
#98=FACE_OUTER_BOUND('',#171,.T.);
#99=FACE_OUTER_BOUND('',#172,.T.);
#100=FACE_OUTER_BOUND('',#173,.T.);
#101=FACE_OUTER_BOUND('',#174,.T.);
#102=FACE_OUTER_BOUND('',#175,.T.);
#103=FACE_OUTER_BOUND('',#178,.T.);
#104=FACE_OUTER_BOUND('',#179,.T.);
#105=FACE_OUTER_BOUND('',#180,.T.);
#106=FACE_OUTER_BOUND('',#181,.T.);
#107=FACE_OUTER_BOUND('',#182,.T.);
#108=FACE_OUTER_BOUND('',#183,.T.);
#109=FACE_OUTER_BOUND('',#184,.T.);
#110=FACE_OUTER_BOUND('',#185,.T.);
#111=FACE_OUTER_BOUND('',#186,.T.);
#112=FACE_OUTER_BOUND('',#187,.T.);
#113=FACE_OUTER_BOUND('',#188,.T.);
#114=FACE_OUTER_BOUND('',#189,.T.);
#115=FACE_OUTER_BOUND('',#190,.T.);
#116=FACE_OUTER_BOUND('',#191,.T.);
#117=FACE_OUTER_BOUND('',#192,.T.);
#118=FACE_OUTER_BOUND('',#193,.T.);
#119=FACE_OUTER_BOUND('',#194,.T.);
#120=FACE_OUTER_BOUND('',#195,.T.);
#121=FACE_OUTER_BOUND('',#196,.T.);
#122=FACE_OUTER_BOUND('',#197,.T.);
#123=FACE_OUTER_BOUND('',#198,.T.);
#124=FACE_OUTER_BOUND('',#199,.T.);
#125=FACE_OUTER_BOUND('',#200,.T.);
#126=FACE_OUTER_BOUND('',#201,.T.);
#127=FACE_OUTER_BOUND('',#202,.T.);
#128=FACE_OUTER_BOUND('',#203,.T.);
#129=FACE_OUTER_BOUND('',#204,.T.);
#130=FACE_OUTER_BOUND('',#205,.T.);
#131=FACE_OUTER_BOUND('',#206,.T.);
#132=FACE_OUTER_BOUND('',#207,.T.);
#133=FACE_OUTER_BOUND('',#209,.T.);
#134=FACE_OUTER_BOUND('',#210,.T.);
#135=FACE_OUTER_BOUND('',#211,.T.);
#136=FACE_OUTER_BOUND('',#213,.T.);
#137=EDGE_LOOP('',(#777,#778,#779,#780));
#138=EDGE_LOOP('',(#781,#782,#783,#784));
#139=EDGE_LOOP('',(#785,#786,#787,#788));
#140=EDGE_LOOP('',(#789,#790,#791,#792));
#141=EDGE_LOOP('',(#793,#794,#795,#796,#797,#798,#799,#800,#801,#802,#803,
#804,#805,#806,#807,#808));
#142=EDGE_LOOP('',(#809,#810,#811,#812));
#143=EDGE_LOOP('',(#813,#814,#815,#816));
#144=EDGE_LOOP('',(#817,#818,#819,#820));
#145=EDGE_LOOP('',(#821,#822,#823,#824));
#146=EDGE_LOOP('',(#825,#826,#827,#828));
#147=EDGE_LOOP('',(#829,#830,#831,#832));
#148=EDGE_LOOP('',(#833,#834,#835,#836));
#149=EDGE_LOOP('',(#837,#838,#839,#840));
#150=EDGE_LOOP('',(#841,#842,#843,#844));
#151=EDGE_LOOP('',(#845,#846,#847,#848));
#152=EDGE_LOOP('',(#849,#850,#851,#852,#853,#854,#855,#856,#857,#858));
#153=EDGE_LOOP('',(#859,#860,#861,#862));
#154=EDGE_LOOP('',(#863,#864,#865,#866));
#155=EDGE_LOOP('',(#867,#868,#869,#870,#871,#872,#873,#874,#875,#876));
#156=EDGE_LOOP('',(#877));
#157=EDGE_LOOP('',(#878,#879,#880,#881));
#158=EDGE_LOOP('',(#882,#883,#884,#885));
#159=EDGE_LOOP('',(#886,#887,#888,#889));
#160=EDGE_LOOP('',(#890,#891,#892,#893));
#161=EDGE_LOOP('',(#894,#895,#896,#897));
#162=EDGE_LOOP('',(#898,#899,#900,#901));
#163=EDGE_LOOP('',(#902,#903,#904,#905));
#164=EDGE_LOOP('',(#906,#907,#908,#909));
#165=EDGE_LOOP('',(#910,#911,#912,#913));
#166=EDGE_LOOP('',(#914,#915,#916,#917));
#167=EDGE_LOOP('',(#918,#919,#920,#921));
#168=EDGE_LOOP('',(#922));
#169=EDGE_LOOP('',(#923,#924,#925,#926));
#170=EDGE_LOOP('',(#927,#928,#929,#930));
#171=EDGE_LOOP('',(#931,#932,#933,#934));
#172=EDGE_LOOP('',(#935,#936,#937,#938));
#173=EDGE_LOOP('',(#939,#940,#941,#942));
#174=EDGE_LOOP('',(#943,#944,#945,#946,#947,#948));
#175=EDGE_LOOP('',(#949,#950,#951,#952,#953,#954,#955,#956));
#176=EDGE_LOOP('',(#957,#958,#959,#960));
#177=EDGE_LOOP('',(#961,#962,#963,#964));
#178=EDGE_LOOP('',(#965,#966,#967,#968));
#179=EDGE_LOOP('',(#969,#970,#971,#972));
#180=EDGE_LOOP('',(#973,#974,#975,#976));
#181=EDGE_LOOP('',(#977,#978,#979,#980));
#182=EDGE_LOOP('',(#981,#982,#983,#984));
#183=EDGE_LOOP('',(#985,#986,#987,#988));
#184=EDGE_LOOP('',(#989,#990,#991,#992));
#185=EDGE_LOOP('',(#993,#994,#995,#996));
#186=EDGE_LOOP('',(#997,#998,#999,#1000));
#187=EDGE_LOOP('',(#1001,#1002,#1003,#1004));
#188=EDGE_LOOP('',(#1005,#1006,#1007,#1008));
#189=EDGE_LOOP('',(#1009,#1010,#1011,#1012));
#190=EDGE_LOOP('',(#1013,#1014,#1015,#1016));
#191=EDGE_LOOP('',(#1017,#1018,#1019,#1020));
#192=EDGE_LOOP('',(#1021,#1022,#1023,#1024));
#193=EDGE_LOOP('',(#1025,#1026,#1027,#1028));
#194=EDGE_LOOP('',(#1029,#1030,#1031,#1032));
#195=EDGE_LOOP('',(#1033,#1034,#1035,#1036));
#196=EDGE_LOOP('',(#1037,#1038,#1039,#1040));
#197=EDGE_LOOP('',(#1041,#1042,#1043,#1044));
#198=EDGE_LOOP('',(#1045,#1046,#1047,#1048));
#199=EDGE_LOOP('',(#1049,#1050,#1051,#1052));
#200=EDGE_LOOP('',(#1053,#1054,#1055,#1056));
#201=EDGE_LOOP('',(#1057,#1058,#1059,#1060));
#202=EDGE_LOOP('',(#1061,#1062,#1063,#1064));
#203=EDGE_LOOP('',(#1065,#1066,#1067,#1068));
#204=EDGE_LOOP('',(#1069,#1070,#1071,#1072));
#205=EDGE_LOOP('',(#1073,#1074,#1075,#1076));
#206=EDGE_LOOP('',(#1077,#1078,#1079,#1080,#1081,#1082,#1083,#1084,#1085,
#1086,#1087,#1088));
#207=EDGE_LOOP('',(#1089,#1090,#1091,#1092));
#208=EDGE_LOOP('',(#1093,#1094,#1095,#1096));
#209=EDGE_LOOP('',(#1097,#1098,#1099,#1100));
#210=EDGE_LOOP('',(#1101,#1102,#1103,#1104));
#211=EDGE_LOOP('',(#1105,#1106,#1107,#1108));
#212=EDGE_LOOP('',(#1109,#1110));
#213=EDGE_LOOP('',(#1111,#1112,#1113,#1114));
#214=EDGE_LOOP('',(#1115,#1116));
#215=LINE('',#1636,#355);
#216=LINE('',#1638,#356);
#217=LINE('',#1640,#357);
#218=LINE('',#1641,#358);
#219=LINE('',#1644,#359);
#220=LINE('',#1652,#360);
#221=LINE('',#1655,#361);
#222=LINE('',#1657,#362);
#223=LINE('',#1658,#363);
#224=LINE('',#1668,#364);
#225=LINE('',#1669,#365);
#226=LINE('',#1683,#366);
#227=LINE('',#1685,#367);
#228=LINE('',#1687,#368);
#229=LINE('',#1689,#369);
#230=LINE('',#1691,#370);
#231=LINE('',#1695,#371);
#232=LINE('',#1699,#372);
#233=LINE('',#1701,#373);
#234=LINE('',#1783,#374);
#235=LINE('',#1785,#375);
#236=LINE('',#1786,#376);
#237=LINE('',#1789,#377);
#238=LINE('',#1791,#378);
#239=LINE('',#1792,#379);
#240=LINE('',#1796,#380);
#241=LINE('',#1799,#381);
#242=LINE('',#1800,#382);
#243=LINE('',#1805,#383);
#244=LINE('',#1806,#384);
#245=LINE('',#1809,#385);
#246=LINE('',#1811,#386);
#247=LINE('',#1813,#387);
#248=LINE('',#1814,#388);
#249=LINE('',#1817,#389);
#250=LINE('',#1819,#390);
#251=LINE('',#1821,#391);
#252=LINE('',#1822,#392);
#253=LINE('',#1825,#393);
#254=LINE('',#1840,#394);
#255=LINE('',#1855,#395);
#256=LINE('',#1857,#396);
#257=LINE('',#1858,#397);
#258=LINE('',#1861,#398);
#259=LINE('',#1863,#399);
#260=LINE('',#1865,#400);
#261=LINE('',#1866,#401);
#262=LINE('',#1869,#402);
#263=LINE('',#1871,#403);
#264=LINE('',#1873,#404);
#265=LINE('',#1874,#405);
#266=LINE('',#1877,#406);
#267=LINE('',#1879,#407);
#268=LINE('',#1899,#408);
#269=LINE('',#1901,#409);
#270=LINE('',#1903,#410);
#271=LINE('',#1904,#411);
#272=LINE('',#1907,#412);
#273=LINE('',#1909,#413);
#274=LINE('',#1910,#414);
#275=LINE('',#1913,#415);
#276=LINE('',#1915,#416);
#277=LINE('',#1916,#417);
#278=LINE('',#1918,#418);
#279=LINE('',#1919,#419);
#280=LINE('',#1924,#420);
#281=LINE('',#1926,#421);
#282=LINE('',#1928,#422);
#283=LINE('',#1929,#423);
#284=LINE('',#1932,#424);
#285=LINE('',#1934,#425);
#286=LINE('',#1935,#426);
#287=LINE('',#1938,#427);
#288=LINE('',#1940,#428);
#289=LINE('',#1941,#429);
#290=LINE('',#1943,#430);
#291=LINE('',#1944,#431);
#292=LINE('',#1949,#432);
#293=LINE('',#1954,#433);
#294=LINE('',#1958,#434);
#295=LINE('',#2052,#435);
#296=LINE('',#2054,#436);
#297=LINE('',#2143,#437);
#298=LINE('',#2146,#438);
#299=LINE('',#2148,#439);
#300=LINE('',#2152,#440);
#301=LINE('',#2154,#441);
#302=LINE('',#2155,#442);
#303=LINE('',#2161,#443);
#304=LINE('',#2164,#444);
#305=LINE('',#2170,#445);
#306=LINE('',#2172,#446);
#307=LINE('',#2173,#447);
#308=LINE('',#2176,#448);
#309=LINE('',#2177,#449);
#310=LINE('',#2180,#450);
#311=LINE('',#2181,#451);
#312=LINE('',#2183,#452);
#313=LINE('',#2187,#453);
#314=LINE('',#2189,#454);
#315=LINE('',#2190,#455);
#316=LINE('',#2193,#456);
#317=LINE('',#2194,#457);
#318=LINE('',#2197,#458);
#319=LINE('',#2198,#459);
#320=LINE('',#2200,#460);
#321=LINE('',#2204,#461);
#322=LINE('',#2206,#462);
#323=LINE('',#2207,#463);
#324=LINE('',#2210,#464);
#325=LINE('',#2211,#465);
#326=LINE('',#2214,#466);
#327=LINE('',#2215,#467);
#328=LINE('',#2217,#468);
#329=LINE('',#2221,#469);
#330=LINE('',#2223,#470);
#331=LINE('',#2224,#471);
#332=LINE('',#2227,#472);
#333=LINE('',#2228,#473);
#334=LINE('',#2231,#474);
#335=LINE('',#2232,#475);
#336=LINE('',#2234,#476);
#337=LINE('',#2239,#477);
#338=LINE('',#2241,#478);
#339=LINE('',#2243,#479);
#340=LINE('',#2244,#480);
#341=LINE('',#2247,#481);
#342=LINE('',#2249,#482);
#343=LINE('',#2250,#483);
#344=LINE('',#2253,#484);
#345=LINE('',#2255,#485);
#346=LINE('',#2256,#486);
#347=LINE('',#2258,#487);
#348=LINE('',#2259,#488);
#349=LINE('',#2263,#489);
#350=LINE('',#2266,#490);
#351=LINE('',#2268,#491);
#352=LINE('',#2269,#492);
#353=LINE('',#2281,#493);
#354=LINE('',#2283,#494);
#355=VECTOR('',#1336,10.);
#356=VECTOR('',#1337,10.);
#357=VECTOR('',#1338,10.);
#358=VECTOR('',#1339,10.);
#359=VECTOR('',#1342,10.);
#360=VECTOR('',#1343,10.);
#361=VECTOR('',#1346,10.);
#362=VECTOR('',#1347,10.);
#363=VECTOR('',#1348,10.);
#364=VECTOR('',#1351,10.);
#365=VECTOR('',#1352,10.);
#366=VECTOR('',#1355,10.);
#367=VECTOR('',#1356,10.);
#368=VECTOR('',#1357,10.);
#369=VECTOR('',#1358,10.);
#370=VECTOR('',#1359,10.);
#371=VECTOR('',#1362,10.);
#372=VECTOR('',#1365,10.);
#373=VECTOR('',#1366,10.);
#374=VECTOR('',#1369,10.);
#375=VECTOR('',#1370,10.);
#376=VECTOR('',#1371,10.);
#377=VECTOR('',#1374,10.);
#378=VECTOR('',#1375,10.);
#379=VECTOR('',#1376,10.);
#380=VECTOR('',#1381,10.);
#381=VECTOR('',#1384,10.);
#382=VECTOR('',#1385,10.);
#383=VECTOR('',#1392,10.);
#384=VECTOR('',#1393,10.);
#385=VECTOR('',#1394,10.);
#386=VECTOR('',#1395,10.);
#387=VECTOR('',#1396,10.);
#388=VECTOR('',#1397,10.);
#389=VECTOR('',#1398,10.);
#390=VECTOR('',#1399,10.);
#391=VECTOR('',#1400,10.);
#392=VECTOR('',#1401,10.);
#393=VECTOR('',#1404,10.);
#394=VECTOR('',#1405,10.);
#395=VECTOR('',#1406,10.);
#396=VECTOR('',#1407,10.);
#397=VECTOR('',#1408,10.);
#398=VECTOR('',#1409,10.);
#399=VECTOR('',#1410,10.);
#400=VECTOR('',#1411,10.);
#401=VECTOR('',#1412,10.);
#402=VECTOR('',#1413,10.);
#403=VECTOR('',#1414,10.);
#404=VECTOR('',#1415,10.);
#405=VECTOR('',#1416,10.);
#406=VECTOR('',#1419,10.);
#407=VECTOR('',#1420,10.);
#408=VECTOR('',#1425,10.);
#409=VECTOR('',#1426,10.);
#410=VECTOR('',#1427,10.);
#411=VECTOR('',#1428,10.);
#412=VECTOR('',#1431,10.);
#413=VECTOR('',#1432,10.);
#414=VECTOR('',#1433,10.);
#415=VECTOR('',#1436,10.);
#416=VECTOR('',#1437,10.);
#417=VECTOR('',#1438,10.);
#418=VECTOR('',#1441,10.);
#419=VECTOR('',#1442,10.);
#420=VECTOR('',#1447,10.);
#421=VECTOR('',#1448,10.);
#422=VECTOR('',#1449,10.);
#423=VECTOR('',#1450,10.);
#424=VECTOR('',#1453,10.);
#425=VECTOR('',#1454,10.);
#426=VECTOR('',#1455,10.);
#427=VECTOR('',#1458,10.);
#428=VECTOR('',#1459,10.);
#429=VECTOR('',#1460,10.);
#430=VECTOR('',#1463,10.);
#431=VECTOR('',#1464,10.);
#432=VECTOR('',#1471,5.);
#433=VECTOR('',#1476,10.);
#434=VECTOR('',#1479,10.);
#435=VECTOR('',#1484,10.);
#436=VECTOR('',#1485,10.);
#437=VECTOR('',#1492,10.);
#438=VECTOR('',#1495,10.);
#439=VECTOR('',#1496,10.);
#440=VECTOR('',#1501,10.);
#441=VECTOR('',#1502,10.);
#442=VECTOR('',#1503,10.);
#443=VECTOR('',#1508,10.);
#444=VECTOR('',#1511,10.);
#445=VECTOR('',#1520,10.);
#446=VECTOR('',#1521,10.);
#447=VECTOR('',#1522,10.);
#448=VECTOR('',#1525,10.);
#449=VECTOR('',#1526,10.);
#450=VECTOR('',#1529,10.);
#451=VECTOR('',#1530,10.);
#452=VECTOR('',#1533,10.);
#453=VECTOR('',#1538,10.);
#454=VECTOR('',#1539,10.);
#455=VECTOR('',#1540,10.);
#456=VECTOR('',#1543,10.);
#457=VECTOR('',#1544,10.);
#458=VECTOR('',#1547,10.);
#459=VECTOR('',#1548,10.);
#460=VECTOR('',#1551,10.);
#461=VECTOR('',#1556,10.);
#462=VECTOR('',#1557,10.);
#463=VECTOR('',#1558,10.);
#464=VECTOR('',#1561,10.);
#465=VECTOR('',#1562,10.);
#466=VECTOR('',#1565,10.);
#467=VECTOR('',#1566,10.);
#468=VECTOR('',#1569,10.);
#469=VECTOR('',#1574,10.);
#470=VECTOR('',#1575,10.);
#471=VECTOR('',#1576,10.);
#472=VECTOR('',#1579,10.);
#473=VECTOR('',#1580,10.);
#474=VECTOR('',#1583,10.);
#475=VECTOR('',#1584,10.);
#476=VECTOR('',#1587,10.);
#477=VECTOR('',#1592,10.);
#478=VECTOR('',#1593,10.);
#479=VECTOR('',#1594,10.);
#480=VECTOR('',#1595,10.);
#481=VECTOR('',#1598,10.);
#482=VECTOR('',#1599,10.);
#483=VECTOR('',#1600,10.);
#484=VECTOR('',#1603,10.);
#485=VECTOR('',#1604,10.);
#486=VECTOR('',#1605,10.);
#487=VECTOR('',#1608,10.);
#488=VECTOR('',#1609,10.);
#489=VECTOR('',#1614,10.);
#490=VECTOR('',#1619,10.);
#491=VECTOR('',#1620,10.);
#492=VECTOR('',#1621,10.);
#493=VECTOR('',#1624,10.);
#494=VECTOR('',#1627,10.);
#495=VERTEX_POINT('',#1634);
#496=VERTEX_POINT('',#1635);
#497=VERTEX_POINT('',#1637);
#498=VERTEX_POINT('',#1639);
#499=VERTEX_POINT('',#1643);
#500=VERTEX_POINT('',#1645);
#501=VERTEX_POINT('',#1654);
#502=VERTEX_POINT('',#1656);
#503=VERTEX_POINT('',#1660);
#504=VERTEX_POINT('',#1661);
#505=VERTEX_POINT('',#1671);
#506=VERTEX_POINT('',#1682);
#507=VERTEX_POINT('',#1684);
#508=VERTEX_POINT('',#1686);
#509=VERTEX_POINT('',#1688);
#510=VERTEX_POINT('',#1690);
#511=VERTEX_POINT('',#1692);
#512=VERTEX_POINT('',#1694);
#513=VERTEX_POINT('',#1696);
#514=VERTEX_POINT('',#1698);
#515=VERTEX_POINT('',#1700);
#516=VERTEX_POINT('',#1730);
#517=VERTEX_POINT('',#1761);
#518=VERTEX_POINT('',#1782);
#519=VERTEX_POINT('',#1784);
#520=VERTEX_POINT('',#1788);
#521=VERTEX_POINT('',#1790);
#522=VERTEX_POINT('',#1794);
#523=VERTEX_POINT('',#1798);
#524=VERTEX_POINT('',#1804);
#525=VERTEX_POINT('',#1807);
#526=VERTEX_POINT('',#1808);
#527=VERTEX_POINT('',#1810);
#528=VERTEX_POINT('',#1812);
#529=VERTEX_POINT('',#1815);
#530=VERTEX_POINT('',#1816);
#531=VERTEX_POINT('',#1818);
#532=VERTEX_POINT('',#1820);
#533=VERTEX_POINT('',#1824);
#534=VERTEX_POINT('',#1826);
#535=VERTEX_POINT('',#1839);
#536=VERTEX_POINT('',#1841);
#537=VERTEX_POINT('',#1854);
#538=VERTEX_POINT('',#1856);
#539=VERTEX_POINT('',#1859);
#540=VERTEX_POINT('',#1860);
#541=VERTEX_POINT('',#1862);
#542=VERTEX_POINT('',#1864);
#543=VERTEX_POINT('',#1867);
#544=VERTEX_POINT('',#1868);
#545=VERTEX_POINT('',#1870);
#546=VERTEX_POINT('',#1872);
#547=VERTEX_POINT('',#1876);
#548=VERTEX_POINT('',#1878);
#549=VERTEX_POINT('',#1894);
#550=VERTEX_POINT('',#1897);
#551=VERTEX_POINT('',#1898);
#552=VERTEX_POINT('',#1900);
#553=VERTEX_POINT('',#1902);
#554=VERTEX_POINT('',#1906);
#555=VERTEX_POINT('',#1908);
#556=VERTEX_POINT('',#1912);
#557=VERTEX_POINT('',#1914);
#558=VERTEX_POINT('',#1922);
#559=VERTEX_POINT('',#1923);
#560=VERTEX_POINT('',#1925);
#561=VERTEX_POINT('',#1927);
#562=VERTEX_POINT('',#1931);
#563=VERTEX_POINT('',#1933);
#564=VERTEX_POINT('',#1937);
#565=VERTEX_POINT('',#1939);
#566=VERTEX_POINT('',#1947);
#567=VERTEX_POINT('',#1952);
#568=VERTEX_POINT('',#1953);
#569=VERTEX_POINT('',#1955);
#570=VERTEX_POINT('',#1957);
#571=VERTEX_POINT('',#2053);
#572=VERTEX_POINT('',#2126);
#573=VERTEX_POINT('',#2145);
#574=VERTEX_POINT('',#2147);
#575=VERTEX_POINT('',#2151);
#576=VERTEX_POINT('',#2153);
#577=VERTEX_POINT('',#2157);
#578=VERTEX_POINT('',#2158);
#579=VERTEX_POINT('',#2160);
#580=VERTEX_POINT('',#2162);
#581=VERTEX_POINT('',#2169);
#582=VERTEX_POINT('',#2171);
#583=VERTEX_POINT('',#2175);
#584=VERTEX_POINT('',#2179);
#585=VERTEX_POINT('',#2186);
#586=VERTEX_POINT('',#2188);
#587=VERTEX_POINT('',#2192);
#588=VERTEX_POINT('',#2196);
#589=VERTEX_POINT('',#2203);
#590=VERTEX_POINT('',#2205);
#591=VERTEX_POINT('',#2209);
#592=VERTEX_POINT('',#2213);
#593=VERTEX_POINT('',#2220);
#594=VERTEX_POINT('',#2222);
#595=VERTEX_POINT('',#2226);
#596=VERTEX_POINT('',#2230);
#597=VERTEX_POINT('',#2237);
#598=VERTEX_POINT('',#2238);
#599=VERTEX_POINT('',#2240);
#600=VERTEX_POINT('',#2242);
#601=VERTEX_POINT('',#2246);
#602=VERTEX_POINT('',#2248);
#603=VERTEX_POINT('',#2252);
#604=VERTEX_POINT('',#2254);
#605=VERTEX_POINT('',#2262);
#606=VERTEX_POINT('',#2267);
#607=EDGE_CURVE('',#495,#496,#215,.T.);
#608=EDGE_CURVE('',#497,#495,#216,.T.);
#609=EDGE_CURVE('',#498,#497,#217,.T.);
#610=EDGE_CURVE('',#496,#498,#218,.T.);
#611=EDGE_CURVE('',#499,#497,#219,.T.);
#612=EDGE_CURVE('',#500,#499,#55,.T.);
#613=EDGE_CURVE('',#498,#500,#220,.T.);
#614=EDGE_CURVE('',#501,#496,#221,.T.);
#615=EDGE_CURVE('',#502,#501,#222,.T.);
#616=EDGE_CURVE('',#495,#502,#223,.T.);
#617=EDGE_CURVE('',#503,#504,#56,.T.);
#618=EDGE_CURVE('',#502,#503,#224,.T.);
#619=EDGE_CURVE('',#504,#501,#225,.T.);
#620=EDGE_CURVE('',#505,#500,#57,.F.);
#621=EDGE_CURVE('',#506,#505,#226,.T.);
#622=EDGE_CURVE('',#506,#507,#227,.T.);
#623=EDGE_CURVE('',#508,#507,#228,.T.);
#624=EDGE_CURVE('',#508,#509,#229,.T.);
#625=EDGE_CURVE('',#509,#510,#230,.T.);
#626=EDGE_CURVE('',#510,#511,#41,.T.);
#627=EDGE_CURVE('',#511,#512,#231,.T.);
#628=EDGE_CURVE('',#512,#513,#42,.T.);
#629=EDGE_CURVE('',#513,#514,#232,.T.);
#630=EDGE_CURVE('',#514,#515,#233,.T.);
#631=EDGE_CURVE('',#504,#515,#58,.F.);
#632=EDGE_CURVE('',#516,#499,#59,.T.);
#633=EDGE_CURVE('',#505,#516,#60,.T.);
#634=EDGE_CURVE('',#515,#517,#61,.T.);
#635=EDGE_CURVE('',#503,#517,#62,.T.);
#636=EDGE_CURVE('',#514,#518,#234,.T.);
#637=EDGE_CURVE('',#519,#513,#235,.T.);
#638=EDGE_CURVE('',#518,#519,#236,.T.);
#639=EDGE_CURVE('',#520,#509,#237,.T.);
#640=EDGE_CURVE('',#521,#520,#238,.T.);
#641=EDGE_CURVE('',#521,#510,#239,.T.);
#642=EDGE_CURVE('',#522,#521,#43,.T.);
#643=EDGE_CURVE('',#522,#511,#240,.T.);
#644=EDGE_CURVE('',#523,#522,#241,.T.);
#645=EDGE_CURVE('',#523,#512,#242,.T.);
#646=EDGE_CURVE('',#519,#523,#44,.T.);
#647=EDGE_CURVE('',#524,#508,#243,.T.);
#648=EDGE_CURVE('',#520,#524,#244,.T.);
#649=EDGE_CURVE('',#525,#526,#245,.T.);
#650=EDGE_CURVE('',#526,#527,#246,.T.);
#651=EDGE_CURVE('',#527,#528,#247,.T.);
#652=EDGE_CURVE('',#528,#525,#248,.T.);
#653=EDGE_CURVE('',#529,#530,#249,.T.);
#654=EDGE_CURVE('',#530,#531,#250,.T.);
#655=EDGE_CURVE('',#531,#532,#251,.T.);
#656=EDGE_CURVE('',#532,#529,#252,.T.);
#657=EDGE_CURVE('',#533,#518,#253,.T.);
#658=EDGE_CURVE('',#534,#533,#63,.T.);
#659=EDGE_CURVE('',#535,#534,#254,.T.);
#660=EDGE_CURVE('',#536,#535,#64,.T.);
#661=EDGE_CURVE('',#537,#536,#255,.T.);
#662=EDGE_CURVE('',#537,#538,#256,.T.);
#663=EDGE_CURVE('',#517,#538,#257,.T.);
#664=EDGE_CURVE('',#539,#540,#258,.T.);
#665=EDGE_CURVE('',#540,#541,#259,.T.);
#666=EDGE_CURVE('',#541,#542,#260,.T.);
#667=EDGE_CURVE('',#542,#539,#261,.T.);
#668=EDGE_CURVE('',#543,#544,#262,.T.);
#669=EDGE_CURVE('',#544,#545,#263,.T.);
#670=EDGE_CURVE('',#545,#546,#264,.T.);
#671=EDGE_CURVE('',#546,#543,#265,.T.);
#672=EDGE_CURVE('',#547,#524,#266,.T.);
#673=EDGE_CURVE('',#548,#547,#267,.T.);
#674=EDGE_CURVE('',#533,#548,#65,.T.);
#675=EDGE_CURVE('',#549,#549,#45,.T.);
#676=EDGE_CURVE('',#550,#551,#268,.T.);
#677=EDGE_CURVE('',#550,#552,#269,.T.);
#678=EDGE_CURVE('',#552,#553,#270,.T.);
#679=EDGE_CURVE('',#551,#553,#271,.T.);
#680=EDGE_CURVE('',#554,#550,#272,.T.);
#681=EDGE_CURVE('',#554,#555,#273,.T.);
#682=EDGE_CURVE('',#555,#552,#274,.T.);
#683=EDGE_CURVE('',#556,#554,#275,.T.);
#684=EDGE_CURVE('',#556,#557,#276,.T.);
#685=EDGE_CURVE('',#557,#555,#277,.T.);
#686=EDGE_CURVE('',#551,#556,#278,.T.);
#687=EDGE_CURVE('',#553,#557,#279,.T.);
#688=EDGE_CURVE('',#558,#559,#280,.T.);
#689=EDGE_CURVE('',#558,#560,#281,.T.);
#690=EDGE_CURVE('',#561,#560,#282,.T.);
#691=EDGE_CURVE('',#559,#561,#283,.T.);
#692=EDGE_CURVE('',#559,#562,#284,.T.);
#693=EDGE_CURVE('',#563,#561,#285,.T.);
#694=EDGE_CURVE('',#562,#563,#286,.T.);
#695=EDGE_CURVE('',#562,#564,#287,.T.);
#696=EDGE_CURVE('',#565,#563,#288,.T.);
#697=EDGE_CURVE('',#564,#565,#289,.T.);
#698=EDGE_CURVE('',#564,#558,#290,.T.);
#699=EDGE_CURVE('',#560,#565,#291,.T.);
#700=EDGE_CURVE('',#566,#566,#46,.T.);
#701=EDGE_CURVE('',#566,#549,#292,.T.);
#702=EDGE_CURVE('',#567,#568,#293,.T.);
#703=EDGE_CURVE('',#568,#569,#47,.T.);
#704=EDGE_CURVE('',#569,#570,#294,.T.);
#705=EDGE_CURVE('',#570,#567,#16,.T.);
#706=EDGE_CURVE('',#535,#569,#66,.T.);
#707=EDGE_CURVE('',#568,#536,#67,.T.);
#708=EDGE_CURVE('',#547,#567,#295,.T.);
#709=EDGE_CURVE('',#570,#571,#296,.T.);
#710=EDGE_CURVE('',#571,#547,#17,.T.);
#711=EDGE_CURVE('',#548,#572,#48,.T.);
#712=EDGE_CURVE('',#572,#534,#68,.T.);
#713=EDGE_CURVE('',#571,#572,#297,.T.);
#714=EDGE_CURVE('',#573,#567,#298,.T.);
#715=EDGE_CURVE('',#573,#574,#299,.T.);
#716=EDGE_CURVE('',#574,#537,#49,.T.);
#717=EDGE_CURVE('',#507,#575,#300,.T.);
#718=EDGE_CURVE('',#575,#576,#301,.T.);
#719=EDGE_CURVE('',#576,#573,#302,.T.);
#720=EDGE_CURVE('',#577,#578,#50,.T.);
#721=EDGE_CURVE('',#579,#577,#303,.T.);
#722=EDGE_CURVE('',#580,#579,#51,.T.);
#723=EDGE_CURVE('',#580,#578,#304,.T.);
#724=EDGE_CURVE('',#578,#577,#52,.T.);
#725=EDGE_CURVE('',#579,#580,#53,.T.);
#726=EDGE_CURVE('',#543,#581,#305,.T.);
#727=EDGE_CURVE('',#582,#581,#306,.T.);
#728=EDGE_CURVE('',#544,#582,#307,.T.);
#729=EDGE_CURVE('',#583,#582,#308,.T.);
#730=EDGE_CURVE('',#545,#583,#309,.T.);
#731=EDGE_CURVE('',#584,#583,#310,.T.);
#732=EDGE_CURVE('',#546,#584,#311,.T.);
#733=EDGE_CURVE('',#581,#584,#312,.T.);
#734=EDGE_CURVE('',#525,#585,#313,.T.);
#735=EDGE_CURVE('',#586,#585,#314,.T.);
#736=EDGE_CURVE('',#526,#586,#315,.T.);
#737=EDGE_CURVE('',#587,#586,#316,.T.);
#738=EDGE_CURVE('',#527,#587,#317,.T.);
#739=EDGE_CURVE('',#588,#587,#318,.T.);
#740=EDGE_CURVE('',#528,#588,#319,.T.);
#741=EDGE_CURVE('',#585,#588,#320,.T.);
#742=EDGE_CURVE('',#539,#589,#321,.T.);
#743=EDGE_CURVE('',#590,#589,#322,.T.);
#744=EDGE_CURVE('',#540,#590,#323,.T.);
#745=EDGE_CURVE('',#591,#590,#324,.T.);
#746=EDGE_CURVE('',#541,#591,#325,.T.);
#747=EDGE_CURVE('',#592,#591,#326,.T.);
#748=EDGE_CURVE('',#542,#592,#327,.T.);
#749=EDGE_CURVE('',#589,#592,#328,.T.);
#750=EDGE_CURVE('',#529,#593,#329,.T.);
#751=EDGE_CURVE('',#594,#593,#330,.T.);
#752=EDGE_CURVE('',#530,#594,#331,.T.);
#753=EDGE_CURVE('',#595,#594,#332,.T.);
#754=EDGE_CURVE('',#531,#595,#333,.T.);
#755=EDGE_CURVE('',#596,#595,#334,.T.);
#756=EDGE_CURVE('',#532,#596,#335,.T.);
#757=EDGE_CURVE('',#593,#596,#336,.T.);
#758=EDGE_CURVE('',#597,#598,#337,.T.);
#759=EDGE_CURVE('',#597,#599,#338,.T.);
#760=EDGE_CURVE('',#600,#599,#339,.T.);
#761=EDGE_CURVE('',#598,#600,#340,.T.);
#762=EDGE_CURVE('',#598,#601,#341,.T.);
#763=EDGE_CURVE('',#602,#600,#342,.T.);
#764=EDGE_CURVE('',#601,#602,#343,.T.);
#765=EDGE_CURVE('',#601,#603,#344,.T.);
#766=EDGE_CURVE('',#604,#602,#345,.T.);
#767=EDGE_CURVE('',#603,#604,#346,.T.);
#768=EDGE_CURVE('',#603,#597,#347,.T.);
#769=EDGE_CURVE('',#599,#604,#348,.T.);
#770=EDGE_CURVE('',#605,#574,#349,.T.);
#771=EDGE_CURVE('',#538,#605,#54,.T.);
#772=EDGE_CURVE('',#605,#576,#350,.T.);
#773=EDGE_CURVE('',#575,#606,#351,.T.);
#774=EDGE_CURVE('',#516,#606,#352,.T.);
#775=EDGE_CURVE('',#569,#572,#353,.T.);
#776=EDGE_CURVE('',#606,#506,#354,.T.);
#777=ORIENTED_EDGE('',*,*,#607,.F.);
#778=ORIENTED_EDGE('',*,*,#608,.F.);
#779=ORIENTED_EDGE('',*,*,#609,.F.);
#780=ORIENTED_EDGE('',*,*,#610,.F.);
#781=ORIENTED_EDGE('',*,*,#609,.T.);
#782=ORIENTED_EDGE('',*,*,#611,.F.);
#783=ORIENTED_EDGE('',*,*,#612,.F.);
#784=ORIENTED_EDGE('',*,*,#613,.F.);
#785=ORIENTED_EDGE('',*,*,#607,.T.);
#786=ORIENTED_EDGE('',*,*,#614,.F.);
#787=ORIENTED_EDGE('',*,*,#615,.F.);
#788=ORIENTED_EDGE('',*,*,#616,.F.);
#789=ORIENTED_EDGE('',*,*,#617,.F.);
#790=ORIENTED_EDGE('',*,*,#618,.F.);
#791=ORIENTED_EDGE('',*,*,#615,.T.);
#792=ORIENTED_EDGE('',*,*,#619,.F.);
#793=ORIENTED_EDGE('',*,*,#613,.T.);
#794=ORIENTED_EDGE('',*,*,#620,.F.);
#795=ORIENTED_EDGE('',*,*,#621,.F.);
#796=ORIENTED_EDGE('',*,*,#622,.T.);
#797=ORIENTED_EDGE('',*,*,#623,.F.);
#798=ORIENTED_EDGE('',*,*,#624,.T.);
#799=ORIENTED_EDGE('',*,*,#625,.T.);
#800=ORIENTED_EDGE('',*,*,#626,.T.);
#801=ORIENTED_EDGE('',*,*,#627,.T.);
#802=ORIENTED_EDGE('',*,*,#628,.T.);
#803=ORIENTED_EDGE('',*,*,#629,.T.);
#804=ORIENTED_EDGE('',*,*,#630,.T.);
#805=ORIENTED_EDGE('',*,*,#631,.F.);
#806=ORIENTED_EDGE('',*,*,#619,.T.);
#807=ORIENTED_EDGE('',*,*,#614,.T.);
#808=ORIENTED_EDGE('',*,*,#610,.T.);
#809=ORIENTED_EDGE('',*,*,#612,.T.);
#810=ORIENTED_EDGE('',*,*,#632,.F.);
#811=ORIENTED_EDGE('',*,*,#633,.F.);
#812=ORIENTED_EDGE('',*,*,#620,.T.);
#813=ORIENTED_EDGE('',*,*,#617,.T.);
#814=ORIENTED_EDGE('',*,*,#631,.T.);
#815=ORIENTED_EDGE('',*,*,#634,.T.);
#816=ORIENTED_EDGE('',*,*,#635,.F.);
#817=ORIENTED_EDGE('',*,*,#636,.F.);
#818=ORIENTED_EDGE('',*,*,#629,.F.);
#819=ORIENTED_EDGE('',*,*,#637,.F.);
#820=ORIENTED_EDGE('',*,*,#638,.F.);
#821=ORIENTED_EDGE('',*,*,#639,.F.);
#822=ORIENTED_EDGE('',*,*,#640,.F.);
#823=ORIENTED_EDGE('',*,*,#641,.T.);
#824=ORIENTED_EDGE('',*,*,#625,.F.);
#825=ORIENTED_EDGE('',*,*,#642,.F.);
#826=ORIENTED_EDGE('',*,*,#643,.T.);
#827=ORIENTED_EDGE('',*,*,#626,.F.);
#828=ORIENTED_EDGE('',*,*,#641,.F.);
#829=ORIENTED_EDGE('',*,*,#644,.F.);
#830=ORIENTED_EDGE('',*,*,#645,.T.);
#831=ORIENTED_EDGE('',*,*,#627,.F.);
#832=ORIENTED_EDGE('',*,*,#643,.F.);
#833=ORIENTED_EDGE('',*,*,#646,.F.);
#834=ORIENTED_EDGE('',*,*,#637,.T.);
#835=ORIENTED_EDGE('',*,*,#628,.F.);
#836=ORIENTED_EDGE('',*,*,#645,.F.);
#837=ORIENTED_EDGE('',*,*,#639,.T.);
#838=ORIENTED_EDGE('',*,*,#624,.F.);
#839=ORIENTED_EDGE('',*,*,#647,.F.);
#840=ORIENTED_EDGE('',*,*,#648,.F.);
#841=ORIENTED_EDGE('',*,*,#649,.T.);
#842=ORIENTED_EDGE('',*,*,#650,.T.);
#843=ORIENTED_EDGE('',*,*,#651,.T.);
#844=ORIENTED_EDGE('',*,*,#652,.T.);
#845=ORIENTED_EDGE('',*,*,#653,.T.);
#846=ORIENTED_EDGE('',*,*,#654,.T.);
#847=ORIENTED_EDGE('',*,*,#655,.T.);
#848=ORIENTED_EDGE('',*,*,#656,.T.);
#849=ORIENTED_EDGE('',*,*,#636,.T.);
#850=ORIENTED_EDGE('',*,*,#657,.F.);
#851=ORIENTED_EDGE('',*,*,#658,.F.);
#852=ORIENTED_EDGE('',*,*,#659,.F.);
#853=ORIENTED_EDGE('',*,*,#660,.F.);
#854=ORIENTED_EDGE('',*,*,#661,.F.);
#855=ORIENTED_EDGE('',*,*,#662,.T.);
#856=ORIENTED_EDGE('',*,*,#663,.F.);
#857=ORIENTED_EDGE('',*,*,#634,.F.);
#858=ORIENTED_EDGE('',*,*,#630,.F.);
#859=ORIENTED_EDGE('',*,*,#664,.T.);
#860=ORIENTED_EDGE('',*,*,#665,.T.);
#861=ORIENTED_EDGE('',*,*,#666,.T.);
#862=ORIENTED_EDGE('',*,*,#667,.T.);
#863=ORIENTED_EDGE('',*,*,#668,.T.);
#864=ORIENTED_EDGE('',*,*,#669,.T.);
#865=ORIENTED_EDGE('',*,*,#670,.T.);
#866=ORIENTED_EDGE('',*,*,#671,.T.);
#867=ORIENTED_EDGE('',*,*,#638,.T.);
#868=ORIENTED_EDGE('',*,*,#646,.T.);
#869=ORIENTED_EDGE('',*,*,#644,.T.);
#870=ORIENTED_EDGE('',*,*,#642,.T.);
#871=ORIENTED_EDGE('',*,*,#640,.T.);
#872=ORIENTED_EDGE('',*,*,#648,.T.);
#873=ORIENTED_EDGE('',*,*,#672,.F.);
#874=ORIENTED_EDGE('',*,*,#673,.F.);
#875=ORIENTED_EDGE('',*,*,#674,.F.);
#876=ORIENTED_EDGE('',*,*,#657,.T.);
#877=ORIENTED_EDGE('',*,*,#675,.T.);
#878=ORIENTED_EDGE('',*,*,#676,.F.);
#879=ORIENTED_EDGE('',*,*,#677,.T.);
#880=ORIENTED_EDGE('',*,*,#678,.T.);
#881=ORIENTED_EDGE('',*,*,#679,.F.);
#882=ORIENTED_EDGE('',*,*,#680,.F.);
#883=ORIENTED_EDGE('',*,*,#681,.T.);
#884=ORIENTED_EDGE('',*,*,#682,.T.);
#885=ORIENTED_EDGE('',*,*,#677,.F.);
#886=ORIENTED_EDGE('',*,*,#683,.F.);
#887=ORIENTED_EDGE('',*,*,#684,.T.);
#888=ORIENTED_EDGE('',*,*,#685,.T.);
#889=ORIENTED_EDGE('',*,*,#681,.F.);
#890=ORIENTED_EDGE('',*,*,#686,.F.);
#891=ORIENTED_EDGE('',*,*,#679,.T.);
#892=ORIENTED_EDGE('',*,*,#687,.T.);
#893=ORIENTED_EDGE('',*,*,#684,.F.);
#894=ORIENTED_EDGE('',*,*,#687,.F.);
#895=ORIENTED_EDGE('',*,*,#678,.F.);
#896=ORIENTED_EDGE('',*,*,#682,.F.);
#897=ORIENTED_EDGE('',*,*,#685,.F.);
#898=ORIENTED_EDGE('',*,*,#688,.F.);
#899=ORIENTED_EDGE('',*,*,#689,.T.);
#900=ORIENTED_EDGE('',*,*,#690,.F.);
#901=ORIENTED_EDGE('',*,*,#691,.F.);
#902=ORIENTED_EDGE('',*,*,#692,.F.);
#903=ORIENTED_EDGE('',*,*,#691,.T.);
#904=ORIENTED_EDGE('',*,*,#693,.F.);
#905=ORIENTED_EDGE('',*,*,#694,.F.);
#906=ORIENTED_EDGE('',*,*,#695,.F.);
#907=ORIENTED_EDGE('',*,*,#694,.T.);
#908=ORIENTED_EDGE('',*,*,#696,.F.);
#909=ORIENTED_EDGE('',*,*,#697,.F.);
#910=ORIENTED_EDGE('',*,*,#698,.F.);
#911=ORIENTED_EDGE('',*,*,#697,.T.);
#912=ORIENTED_EDGE('',*,*,#699,.F.);
#913=ORIENTED_EDGE('',*,*,#689,.F.);
#914=ORIENTED_EDGE('',*,*,#699,.T.);
#915=ORIENTED_EDGE('',*,*,#696,.T.);
#916=ORIENTED_EDGE('',*,*,#693,.T.);
#917=ORIENTED_EDGE('',*,*,#690,.T.);
#918=ORIENTED_EDGE('',*,*,#700,.F.);
#919=ORIENTED_EDGE('',*,*,#701,.T.);
#920=ORIENTED_EDGE('',*,*,#675,.F.);
#921=ORIENTED_EDGE('',*,*,#701,.F.);
#922=ORIENTED_EDGE('',*,*,#700,.T.);
#923=ORIENTED_EDGE('',*,*,#702,.T.);
#924=ORIENTED_EDGE('',*,*,#703,.T.);
#925=ORIENTED_EDGE('',*,*,#704,.T.);
#926=ORIENTED_EDGE('',*,*,#705,.T.);
#927=ORIENTED_EDGE('',*,*,#660,.T.);
#928=ORIENTED_EDGE('',*,*,#706,.T.);
#929=ORIENTED_EDGE('',*,*,#703,.F.);
#930=ORIENTED_EDGE('',*,*,#707,.T.);
#931=ORIENTED_EDGE('',*,*,#708,.T.);
#932=ORIENTED_EDGE('',*,*,#705,.F.);
#933=ORIENTED_EDGE('',*,*,#709,.T.);
#934=ORIENTED_EDGE('',*,*,#710,.T.);
#935=ORIENTED_EDGE('',*,*,#658,.T.);
#936=ORIENTED_EDGE('',*,*,#674,.T.);
#937=ORIENTED_EDGE('',*,*,#711,.T.);
#938=ORIENTED_EDGE('',*,*,#712,.T.);
#939=ORIENTED_EDGE('',*,*,#713,.T.);
#940=ORIENTED_EDGE('',*,*,#711,.F.);
#941=ORIENTED_EDGE('',*,*,#673,.T.);
#942=ORIENTED_EDGE('',*,*,#710,.F.);
#943=ORIENTED_EDGE('',*,*,#707,.F.);
#944=ORIENTED_EDGE('',*,*,#702,.F.);
#945=ORIENTED_EDGE('',*,*,#714,.F.);
#946=ORIENTED_EDGE('',*,*,#715,.T.);
#947=ORIENTED_EDGE('',*,*,#716,.T.);
#948=ORIENTED_EDGE('',*,*,#661,.T.);
#949=ORIENTED_EDGE('',*,*,#708,.F.);
#950=ORIENTED_EDGE('',*,*,#672,.T.);
#951=ORIENTED_EDGE('',*,*,#647,.T.);
#952=ORIENTED_EDGE('',*,*,#623,.T.);
#953=ORIENTED_EDGE('',*,*,#717,.T.);
#954=ORIENTED_EDGE('',*,*,#718,.T.);
#955=ORIENTED_EDGE('',*,*,#719,.T.);
#956=ORIENTED_EDGE('',*,*,#714,.T.);
#957=ORIENTED_EDGE('',*,*,#676,.T.);
#958=ORIENTED_EDGE('',*,*,#686,.T.);
#959=ORIENTED_EDGE('',*,*,#683,.T.);
#960=ORIENTED_EDGE('',*,*,#680,.T.);
#961=ORIENTED_EDGE('',*,*,#688,.T.);
#962=ORIENTED_EDGE('',*,*,#692,.T.);
#963=ORIENTED_EDGE('',*,*,#695,.T.);
#964=ORIENTED_EDGE('',*,*,#698,.T.);
#965=ORIENTED_EDGE('',*,*,#720,.F.);
#966=ORIENTED_EDGE('',*,*,#721,.F.);
#967=ORIENTED_EDGE('',*,*,#722,.F.);
#968=ORIENTED_EDGE('',*,*,#723,.T.);
#969=ORIENTED_EDGE('',*,*,#724,.F.);
#970=ORIENTED_EDGE('',*,*,#723,.F.);
#971=ORIENTED_EDGE('',*,*,#725,.F.);
#972=ORIENTED_EDGE('',*,*,#721,.T.);
#973=ORIENTED_EDGE('',*,*,#668,.F.);
#974=ORIENTED_EDGE('',*,*,#726,.T.);
#975=ORIENTED_EDGE('',*,*,#727,.F.);
#976=ORIENTED_EDGE('',*,*,#728,.F.);
#977=ORIENTED_EDGE('',*,*,#669,.F.);
#978=ORIENTED_EDGE('',*,*,#728,.T.);
#979=ORIENTED_EDGE('',*,*,#729,.F.);
#980=ORIENTED_EDGE('',*,*,#730,.F.);
#981=ORIENTED_EDGE('',*,*,#670,.F.);
#982=ORIENTED_EDGE('',*,*,#730,.T.);
#983=ORIENTED_EDGE('',*,*,#731,.F.);
#984=ORIENTED_EDGE('',*,*,#732,.F.);
#985=ORIENTED_EDGE('',*,*,#671,.F.);
#986=ORIENTED_EDGE('',*,*,#732,.T.);
#987=ORIENTED_EDGE('',*,*,#733,.F.);
#988=ORIENTED_EDGE('',*,*,#726,.F.);
#989=ORIENTED_EDGE('',*,*,#733,.T.);
#990=ORIENTED_EDGE('',*,*,#731,.T.);
#991=ORIENTED_EDGE('',*,*,#729,.T.);
#992=ORIENTED_EDGE('',*,*,#727,.T.);
#993=ORIENTED_EDGE('',*,*,#649,.F.);
#994=ORIENTED_EDGE('',*,*,#734,.T.);
#995=ORIENTED_EDGE('',*,*,#735,.F.);
#996=ORIENTED_EDGE('',*,*,#736,.F.);
#997=ORIENTED_EDGE('',*,*,#650,.F.);
#998=ORIENTED_EDGE('',*,*,#736,.T.);
#999=ORIENTED_EDGE('',*,*,#737,.F.);
#1000=ORIENTED_EDGE('',*,*,#738,.F.);
#1001=ORIENTED_EDGE('',*,*,#651,.F.);
#1002=ORIENTED_EDGE('',*,*,#738,.T.);
#1003=ORIENTED_EDGE('',*,*,#739,.F.);
#1004=ORIENTED_EDGE('',*,*,#740,.F.);
#1005=ORIENTED_EDGE('',*,*,#652,.F.);
#1006=ORIENTED_EDGE('',*,*,#740,.T.);
#1007=ORIENTED_EDGE('',*,*,#741,.F.);
#1008=ORIENTED_EDGE('',*,*,#734,.F.);
#1009=ORIENTED_EDGE('',*,*,#741,.T.);
#1010=ORIENTED_EDGE('',*,*,#739,.T.);
#1011=ORIENTED_EDGE('',*,*,#737,.T.);
#1012=ORIENTED_EDGE('',*,*,#735,.T.);
#1013=ORIENTED_EDGE('',*,*,#664,.F.);
#1014=ORIENTED_EDGE('',*,*,#742,.T.);
#1015=ORIENTED_EDGE('',*,*,#743,.F.);
#1016=ORIENTED_EDGE('',*,*,#744,.F.);
#1017=ORIENTED_EDGE('',*,*,#665,.F.);
#1018=ORIENTED_EDGE('',*,*,#744,.T.);
#1019=ORIENTED_EDGE('',*,*,#745,.F.);
#1020=ORIENTED_EDGE('',*,*,#746,.F.);
#1021=ORIENTED_EDGE('',*,*,#666,.F.);
#1022=ORIENTED_EDGE('',*,*,#746,.T.);
#1023=ORIENTED_EDGE('',*,*,#747,.F.);
#1024=ORIENTED_EDGE('',*,*,#748,.F.);
#1025=ORIENTED_EDGE('',*,*,#667,.F.);
#1026=ORIENTED_EDGE('',*,*,#748,.T.);
#1027=ORIENTED_EDGE('',*,*,#749,.F.);
#1028=ORIENTED_EDGE('',*,*,#742,.F.);
#1029=ORIENTED_EDGE('',*,*,#749,.T.);
#1030=ORIENTED_EDGE('',*,*,#747,.T.);
#1031=ORIENTED_EDGE('',*,*,#745,.T.);
#1032=ORIENTED_EDGE('',*,*,#743,.T.);
#1033=ORIENTED_EDGE('',*,*,#653,.F.);
#1034=ORIENTED_EDGE('',*,*,#750,.T.);
#1035=ORIENTED_EDGE('',*,*,#751,.F.);
#1036=ORIENTED_EDGE('',*,*,#752,.F.);
#1037=ORIENTED_EDGE('',*,*,#654,.F.);
#1038=ORIENTED_EDGE('',*,*,#752,.T.);
#1039=ORIENTED_EDGE('',*,*,#753,.F.);
#1040=ORIENTED_EDGE('',*,*,#754,.F.);
#1041=ORIENTED_EDGE('',*,*,#655,.F.);
#1042=ORIENTED_EDGE('',*,*,#754,.T.);
#1043=ORIENTED_EDGE('',*,*,#755,.F.);
#1044=ORIENTED_EDGE('',*,*,#756,.F.);
#1045=ORIENTED_EDGE('',*,*,#656,.F.);
#1046=ORIENTED_EDGE('',*,*,#756,.T.);
#1047=ORIENTED_EDGE('',*,*,#757,.F.);
#1048=ORIENTED_EDGE('',*,*,#750,.F.);
#1049=ORIENTED_EDGE('',*,*,#757,.T.);
#1050=ORIENTED_EDGE('',*,*,#755,.T.);
#1051=ORIENTED_EDGE('',*,*,#753,.T.);
#1052=ORIENTED_EDGE('',*,*,#751,.T.);
#1053=ORIENTED_EDGE('',*,*,#758,.F.);
#1054=ORIENTED_EDGE('',*,*,#759,.T.);
#1055=ORIENTED_EDGE('',*,*,#760,.F.);
#1056=ORIENTED_EDGE('',*,*,#761,.F.);
#1057=ORIENTED_EDGE('',*,*,#762,.F.);
#1058=ORIENTED_EDGE('',*,*,#761,.T.);
#1059=ORIENTED_EDGE('',*,*,#763,.F.);
#1060=ORIENTED_EDGE('',*,*,#764,.F.);
#1061=ORIENTED_EDGE('',*,*,#765,.F.);
#1062=ORIENTED_EDGE('',*,*,#764,.T.);
#1063=ORIENTED_EDGE('',*,*,#766,.F.);
#1064=ORIENTED_EDGE('',*,*,#767,.F.);
#1065=ORIENTED_EDGE('',*,*,#768,.F.);
#1066=ORIENTED_EDGE('',*,*,#767,.T.);
#1067=ORIENTED_EDGE('',*,*,#769,.F.);
#1068=ORIENTED_EDGE('',*,*,#759,.F.);
#1069=ORIENTED_EDGE('',*,*,#769,.T.);
#1070=ORIENTED_EDGE('',*,*,#766,.T.);
#1071=ORIENTED_EDGE('',*,*,#763,.T.);
#1072=ORIENTED_EDGE('',*,*,#760,.T.);
#1073=ORIENTED_EDGE('',*,*,#662,.F.);
#1074=ORIENTED_EDGE('',*,*,#716,.F.);
#1075=ORIENTED_EDGE('',*,*,#770,.F.);
#1076=ORIENTED_EDGE('',*,*,#771,.F.);
#1077=ORIENTED_EDGE('',*,*,#618,.T.);
#1078=ORIENTED_EDGE('',*,*,#635,.T.);
#1079=ORIENTED_EDGE('',*,*,#663,.T.);
#1080=ORIENTED_EDGE('',*,*,#771,.T.);
#1081=ORIENTED_EDGE('',*,*,#772,.T.);
#1082=ORIENTED_EDGE('',*,*,#718,.F.);
#1083=ORIENTED_EDGE('',*,*,#773,.T.);
#1084=ORIENTED_EDGE('',*,*,#774,.F.);
#1085=ORIENTED_EDGE('',*,*,#632,.T.);
#1086=ORIENTED_EDGE('',*,*,#611,.T.);
#1087=ORIENTED_EDGE('',*,*,#608,.T.);
#1088=ORIENTED_EDGE('',*,*,#616,.T.);
#1089=ORIENTED_EDGE('',*,*,#770,.T.);
#1090=ORIENTED_EDGE('',*,*,#715,.F.);
#1091=ORIENTED_EDGE('',*,*,#719,.F.);
#1092=ORIENTED_EDGE('',*,*,#772,.F.);
#1093=ORIENTED_EDGE('',*,*,#758,.T.);
#1094=ORIENTED_EDGE('',*,*,#762,.T.);
#1095=ORIENTED_EDGE('',*,*,#765,.T.);
#1096=ORIENTED_EDGE('',*,*,#768,.T.);
#1097=ORIENTED_EDGE('',*,*,#706,.F.);
#1098=ORIENTED_EDGE('',*,*,#659,.T.);
#1099=ORIENTED_EDGE('',*,*,#712,.F.);
#1100=ORIENTED_EDGE('',*,*,#775,.F.);
#1101=ORIENTED_EDGE('',*,*,#621,.T.);
#1102=ORIENTED_EDGE('',*,*,#633,.T.);
#1103=ORIENTED_EDGE('',*,*,#774,.T.);
#1104=ORIENTED_EDGE('',*,*,#776,.T.);
#1105=ORIENTED_EDGE('',*,*,#773,.F.);
#1106=ORIENTED_EDGE('',*,*,#717,.F.);
#1107=ORIENTED_EDGE('',*,*,#622,.F.);
#1108=ORIENTED_EDGE('',*,*,#776,.F.);
#1109=ORIENTED_EDGE('',*,*,#724,.T.);
#1110=ORIENTED_EDGE('',*,*,#720,.T.);
#1111=ORIENTED_EDGE('',*,*,#704,.F.);
#1112=ORIENTED_EDGE('',*,*,#775,.T.);
#1113=ORIENTED_EDGE('',*,*,#713,.F.);
#1114=ORIENTED_EDGE('',*,*,#709,.F.);
#1115=ORIENTED_EDGE('',*,*,#725,.T.);
#1116=ORIENTED_EDGE('',*,*,#722,.T.);
#1117=PLANE('',#1253);
#1118=PLANE('',#1254);
#1119=PLANE('',#1255);
#1120=PLANE('',#1256);
#1121=PLANE('',#1257);
#1122=PLANE('',#1260);
#1123=PLANE('',#1261);
#1124=PLANE('',#1264);
#1125=PLANE('',#1267);
#1126=PLANE('',#1268);
#1127=PLANE('',#1269);
#1128=PLANE('',#1271);
#1129=PLANE('',#1272);
#1130=PLANE('',#1273);
#1131=PLANE('',#1274);
#1132=PLANE('',#1275);
#1133=PLANE('',#1276);
#1134=PLANE('',#1277);
#1135=PLANE('',#1278);
#1136=PLANE('',#1279);
#1137=PLANE('',#1280);
#1138=PLANE('',#1283);
#1139=PLANE('',#1291);
#1140=PLANE('',#1293);
#1141=PLANE('',#1300);
#1142=PLANE('',#1301);
#1143=PLANE('',#1302);
#1144=PLANE('',#1303);
#1145=PLANE('',#1304);
#1146=PLANE('',#1305);
#1147=PLANE('',#1306);
#1148=PLANE('',#1307);
#1149=PLANE('',#1308);
#1150=PLANE('',#1309);
#1151=PLANE('',#1310);
#1152=PLANE('',#1311);
#1153=PLANE('',#1312);
#1154=PLANE('',#1313);
#1155=PLANE('',#1314);
#1156=PLANE('',#1315);
#1157=PLANE('',#1316);
#1158=PLANE('',#1317);
#1159=PLANE('',#1318);
#1160=PLANE('',#1319);
#1161=PLANE('',#1320);
#1162=PLANE('',#1321);
#1163=PLANE('',#1322);
#1164=PLANE('',#1323);
#1165=PLANE('',#1324);
#1166=PLANE('',#1327);
#1167=PLANE('',#1328);
#1168=PLANE('',#1329);
#1169=PLANE('',#1330);
#1170=PLANE('',#1331);
#1171=ADVANCED_FACE('',(#69),#1117,.F.);
#1172=ADVANCED_FACE('',(#70),#1118,.T.);
#1173=ADVANCED_FACE('',(#71),#1119,.F.);
#1174=ADVANCED_FACE('',(#72),#1120,.T.);
#1175=ADVANCED_FACE('',(#73),#1121,.T.);
#1176=ADVANCED_FACE('',(#74),#37,.T.);
#1177=ADVANCED_FACE('',(#75),#38,.T.);
#1178=ADVANCED_FACE('',(#76),#1122,.F.);
#1179=ADVANCED_FACE('',(#77),#1123,.F.);
#1180=ADVANCED_FACE('',(#78),#28,.F.);
#1181=ADVANCED_FACE('',(#79),#1124,.F.);
#1182=ADVANCED_FACE('',(#80),#29,.F.);
#1183=ADVANCED_FACE('',(#81,#18,#19),#1125,.F.);
#1184=ADVANCED_FACE('',(#82,#20,#21),#1126,.F.);
#1185=ADVANCED_FACE('',(#83,#22),#1127,.T.);
#1186=ADVANCED_FACE('',(#84),#1128,.F.);
#1187=ADVANCED_FACE('',(#85),#1129,.F.);
#1188=ADVANCED_FACE('',(#86),#1130,.F.);
#1189=ADVANCED_FACE('',(#87),#1131,.F.);
#1190=ADVANCED_FACE('',(#88),#1132,.F.);
#1191=ADVANCED_FACE('',(#89),#1133,.T.);
#1192=ADVANCED_FACE('',(#90),#1134,.T.);
#1193=ADVANCED_FACE('',(#91),#1135,.T.);
#1194=ADVANCED_FACE('',(#92),#1136,.T.);
#1195=ADVANCED_FACE('',(#93),#1137,.T.);
#1196=ADVANCED_FACE('',(#94),#30,.T.);
#1197=ADVANCED_FACE('',(#95),#1138,.T.);
#1198=ADVANCED_FACE('',(#96),#31,.T.);
#1199=ADVANCED_FACE('',(#97),#39,.F.);
#1200=ADVANCED_FACE('',(#98),#32,.T.);
#1201=ADVANCED_FACE('',(#99),#40,.F.);
#1202=ADVANCED_FACE('',(#100),#33,.T.);
#1203=ADVANCED_FACE('',(#101),#1139,.T.);
#1204=ADVANCED_FACE('',(#102,#23,#24),#1140,.T.);
#1205=ADVANCED_FACE('',(#103),#34,.F.);
#1206=ADVANCED_FACE('',(#104),#35,.F.);
#1207=ADVANCED_FACE('',(#105),#1141,.T.);
#1208=ADVANCED_FACE('',(#106),#1142,.T.);
#1209=ADVANCED_FACE('',(#107),#1143,.T.);
#1210=ADVANCED_FACE('',(#108),#1144,.T.);
#1211=ADVANCED_FACE('',(#109),#1145,.T.);
#1212=ADVANCED_FACE('',(#110),#1146,.T.);
#1213=ADVANCED_FACE('',(#111),#1147,.T.);
#1214=ADVANCED_FACE('',(#112),#1148,.T.);
#1215=ADVANCED_FACE('',(#113),#1149,.T.);
#1216=ADVANCED_FACE('',(#114),#1150,.T.);
#1217=ADVANCED_FACE('',(#115),#1151,.T.);
#1218=ADVANCED_FACE('',(#116),#1152,.T.);
#1219=ADVANCED_FACE('',(#117),#1153,.T.);
#1220=ADVANCED_FACE('',(#118),#1154,.T.);
#1221=ADVANCED_FACE('',(#119),#1155,.T.);
#1222=ADVANCED_FACE('',(#120),#1156,.T.);
#1223=ADVANCED_FACE('',(#121),#1157,.T.);
#1224=ADVANCED_FACE('',(#122),#1158,.T.);
#1225=ADVANCED_FACE('',(#123),#1159,.T.);
#1226=ADVANCED_FACE('',(#124),#1160,.T.);
#1227=ADVANCED_FACE('',(#125),#1161,.T.);
#1228=ADVANCED_FACE('',(#126),#1162,.T.);
#1229=ADVANCED_FACE('',(#127),#1163,.T.);
#1230=ADVANCED_FACE('',(#128),#1164,.T.);
#1231=ADVANCED_FACE('',(#129),#1165,.T.);
#1232=ADVANCED_FACE('',(#130),#36,.F.);
#1233=ADVANCED_FACE('',(#131),#1166,.T.);
#1234=ADVANCED_FACE('',(#132,#25),#1167,.F.);
#1235=ADVANCED_FACE('',(#133),#15,.F.);
#1236=ADVANCED_FACE('',(#134),#1168,.T.);
#1237=ADVANCED_FACE('',(#135,#26),#1169,.T.);
#1238=ADVANCED_FACE('',(#136,#27),#1170,.F.);
#1239=CLOSED_SHELL('',(#1171,#1172,#1173,#1174,#1175,#1176,#1177,#1178,
#1179,#1180,#1181,#1182,#1183,#1184,#1185,#1186,#1187,#1188,#1189,#1190,
#1191,#1192,#1193,#1194,#1195,#1196,#1197,#1198,#1199,#1200,#1201,#1202,
#1203,#1204,#1205,#1206,#1207,#1208,#1209,#1210,#1211,#1212,#1213,#1214,
#1215,#1216,#1217,#1218,#1219,#1220,#1221,#1222,#1223,#1224,#1225,#1226,
#1227,#1228,#1229,#1230,#1231,#1232,#1233,#1234,#1235,#1236,#1237,#1238));
#1240=DERIVED_UNIT_ELEMENT(#1242,1.);
#1241=DERIVED_UNIT_ELEMENT(#2291,-3.);
#1242=(
MASS_UNIT()
NAMED_UNIT(*)
SI_UNIT(.KILO.,.GRAM.)
);
#1243=DERIVED_UNIT((#1240,#1241));
#1244=MEASURE_REPRESENTATION_ITEM('density measure',
POSITIVE_RATIO_MEASURE(7850.),#1243);
#1245=PROPERTY_DEFINITION_REPRESENTATION(#1250,#1247);
#1246=PROPERTY_DEFINITION_REPRESENTATION(#1251,#1248);
#1247=REPRESENTATION('material name',(#1249),#2288);
#1248=REPRESENTATION('density',(#1244),#2288);
#1249=DESCRIPTIVE_REPRESENTATION_ITEM('Steel','Steel');
#1250=PROPERTY_DEFINITION('material property','material name',#2298);
#1251=PROPERTY_DEFINITION('material property','density of part',#2298);
#1252=AXIS2_PLACEMENT_3D('',#1632,#1332,#1333);
#1253=AXIS2_PLACEMENT_3D('',#1633,#1334,#1335);
#1254=AXIS2_PLACEMENT_3D('',#1642,#1340,#1341);
#1255=AXIS2_PLACEMENT_3D('',#1653,#1344,#1345);
#1256=AXIS2_PLACEMENT_3D('',#1659,#1349,#1350);
#1257=AXIS2_PLACEMENT_3D('',#1670,#1353,#1354);
#1258=AXIS2_PLACEMENT_3D('',#1693,#1360,#1361);
#1259=AXIS2_PLACEMENT_3D('',#1697,#1363,#1364);
#1260=AXIS2_PLACEMENT_3D('',#1781,#1367,#1368);
#1261=AXIS2_PLACEMENT_3D('',#1787,#1372,#1373);
#1262=AXIS2_PLACEMENT_3D('',#1793,#1377,#1378);
#1263=AXIS2_PLACEMENT_3D('',#1795,#1379,#1380);
#1264=AXIS2_PLACEMENT_3D('',#1797,#1382,#1383);
#1265=AXIS2_PLACEMENT_3D('',#1801,#1386,#1387);
#1266=AXIS2_PLACEMENT_3D('',#1802,#1388,#1389);
#1267=AXIS2_PLACEMENT_3D('',#1803,#1390,#1391);
#1268=AXIS2_PLACEMENT_3D('',#1823,#1402,#1403);
#1269=AXIS2_PLACEMENT_3D('',#1875,#1417,#1418);
#1270=AXIS2_PLACEMENT_3D('',#1895,#1421,#1422);
#1271=AXIS2_PLACEMENT_3D('',#1896,#1423,#1424);
#1272=AXIS2_PLACEMENT_3D('',#1905,#1429,#1430);
#1273=AXIS2_PLACEMENT_3D('',#1911,#1434,#1435);
#1274=AXIS2_PLACEMENT_3D('',#1917,#1439,#1440);
#1275=AXIS2_PLACEMENT_3D('',#1920,#1443,#1444);
#1276=AXIS2_PLACEMENT_3D('',#1921,#1445,#1446);
#1277=AXIS2_PLACEMENT_3D('',#1930,#1451,#1452);
#1278=AXIS2_PLACEMENT_3D('',#1936,#1456,#1457);
#1279=AXIS2_PLACEMENT_3D('',#1942,#1461,#1462);
#1280=AXIS2_PLACEMENT_3D('',#1945,#1465,#1466);
#1281=AXIS2_PLACEMENT_3D('',#1946,#1467,#1468);
#1282=AXIS2_PLACEMENT_3D('',#1948,#1469,#1470);
#1283=AXIS2_PLACEMENT_3D('',#1950,#1472,#1473);
#1284=AXIS2_PLACEMENT_3D('',#1951,#1474,#1475);
#1285=AXIS2_PLACEMENT_3D('',#1956,#1477,#1478);
#1286=AXIS2_PLACEMENT_3D('',#1959,#1480,#1481);
#1287=AXIS2_PLACEMENT_3D('',#2051,#1482,#1483);
#1288=AXIS2_PLACEMENT_3D('',#2055,#1486,#1487);
#1289=AXIS2_PLACEMENT_3D('',#2127,#1488,#1489);
#1290=AXIS2_PLACEMENT_3D('',#2142,#1490,#1491);
#1291=AXIS2_PLACEMENT_3D('',#2144,#1493,#1494);
#1292=AXIS2_PLACEMENT_3D('',#2149,#1497,#1498);
#1293=AXIS2_PLACEMENT_3D('',#2150,#1499,#1500);
#1294=AXIS2_PLACEMENT_3D('',#2156,#1504,#1505);
#1295=AXIS2_PLACEMENT_3D('',#2159,#1506,#1507);
#1296=AXIS2_PLACEMENT_3D('',#2163,#1509,#1510);
#1297=AXIS2_PLACEMENT_3D('',#2165,#1512,#1513);
#1298=AXIS2_PLACEMENT_3D('',#2166,#1514,#1515);
#1299=AXIS2_PLACEMENT_3D('',#2167,#1516,#1517);
#1300=AXIS2_PLACEMENT_3D('',#2168,#1518,#1519);
#1301=AXIS2_PLACEMENT_3D('',#2174,#1523,#1524);
#1302=AXIS2_PLACEMENT_3D('',#2178,#1527,#1528);
#1303=AXIS2_PLACEMENT_3D('',#2182,#1531,#1532);
#1304=AXIS2_PLACEMENT_3D('',#2184,#1534,#1535);
#1305=AXIS2_PLACEMENT_3D('',#2185,#1536,#1537);
#1306=AXIS2_PLACEMENT_3D('',#2191,#1541,#1542);
#1307=AXIS2_PLACEMENT_3D('',#2195,#1545,#1546);
#1308=AXIS2_PLACEMENT_3D('',#2199,#1549,#1550);
#1309=AXIS2_PLACEMENT_3D('',#2201,#1552,#1553);
#1310=AXIS2_PLACEMENT_3D('',#2202,#1554,#1555);
#1311=AXIS2_PLACEMENT_3D('',#2208,#1559,#1560);
#1312=AXIS2_PLACEMENT_3D('',#2212,#1563,#1564);
#1313=AXIS2_PLACEMENT_3D('',#2216,#1567,#1568);
#1314=AXIS2_PLACEMENT_3D('',#2218,#1570,#1571);
#1315=AXIS2_PLACEMENT_3D('',#2219,#1572,#1573);
#1316=AXIS2_PLACEMENT_3D('',#2225,#1577,#1578);
#1317=AXIS2_PLACEMENT_3D('',#2229,#1581,#1582);
#1318=AXIS2_PLACEMENT_3D('',#2233,#1585,#1586);
#1319=AXIS2_PLACEMENT_3D('',#2235,#1588,#1589);
#1320=AXIS2_PLACEMENT_3D('',#2236,#1590,#1591);
#1321=AXIS2_PLACEMENT_3D('',#2245,#1596,#1597);
#1322=AXIS2_PLACEMENT_3D('',#2251,#1601,#1602);
#1323=AXIS2_PLACEMENT_3D('',#2257,#1606,#1607);
#1324=AXIS2_PLACEMENT_3D('',#2260,#1610,#1611);
#1325=AXIS2_PLACEMENT_3D('',#2261,#1612,#1613);
#1326=AXIS2_PLACEMENT_3D('',#2264,#1615,#1616);
#1327=AXIS2_PLACEMENT_3D('',#2265,#1617,#1618);
#1328=AXIS2_PLACEMENT_3D('',#2270,#1622,#1623);
#1329=AXIS2_PLACEMENT_3D('',#2282,#1625,#1626);
#1330=AXIS2_PLACEMENT_3D('',#2284,#1628,#1629);
#1331=AXIS2_PLACEMENT_3D('',#2285,#1630,#1631);
#1332=DIRECTION('axis',(0.,0.,1.));
#1333=DIRECTION('refdir',(1.,0.,0.));
#1334=DIRECTION('center_axis',(0.,-1.,0.));
#1335=DIRECTION('ref_axis',(0.,0.,-1.));
#1336=DIRECTION('',(0.,0.,-1.));
#1337=DIRECTION('',(-1.,0.,0.));
#1338=DIRECTION('',(0.,0.,1.));
#1339=DIRECTION('',(1.,0.,0.));
#1340=DIRECTION('center_axis',(1.,0.,0.));
#1341=DIRECTION('ref_axis',(0.,0.,-1.));
#1342=DIRECTION('',(0.,1.,1.38777878078145E-16));
#1343=DIRECTION('',(0.,-1.,-1.11022302462516E-15));
#1344=DIRECTION('center_axis',(1.,0.,0.));
#1345=DIRECTION('ref_axis',(0.,0.,-1.));
#1346=DIRECTION('',(0.,1.,1.11022302462516E-15));
#1347=DIRECTION('',(0.,0.,-1.));
#1348=DIRECTION('',(0.,-1.,-1.38777878078145E-16));
#1349=DIRECTION('center_axis',(0.,-1.,0.));
#1350=DIRECTION('ref_axis',(0.,0.,-1.));
#1351=DIRECTION('',(1.,0.,0.));
#1352=DIRECTION('',(-1.,0.,0.));
#1353=DIRECTION('center_axis',(0.,-1.11022302462516E-15,1.));
#1354=DIRECTION('ref_axis',(0.,-1.,-1.11022302462516E-15));
#1355=DIRECTION('',(-1.,0.,1.11022302462516E-15));
#1356=DIRECTION('',(0.,1.,1.11022302462516E-15));
#1357=DIRECTION('',(1.,0.,0.));
#1358=DIRECTION('',(0.,-1.,-1.11022302462516E-15));
#1359=DIRECTION('',(1.,0.,0.));
#1360=DIRECTION('center_axis',(0.,1.11022302462516E-15,-1.));
#1361=DIRECTION('ref_axis',(0.,1.,0.));
#1362=DIRECTION('',(0.,-1.,-1.11022302462516E-15));
#1363=DIRECTION('center_axis',(0.,1.11022302462516E-15,-1.));
#1364=DIRECTION('ref_axis',(1.,0.,0.));
#1365=DIRECTION('',(-1.,0.,0.));
#1366=DIRECTION('',(0.,-1.,-1.11022302462516E-15));
#1367=DIRECTION('center_axis',(0.,-1.,0.));
#1368=DIRECTION('ref_axis',(1.,0.,-2.37331988177909E-32));
#1369=DIRECTION('',(0.,0.,-1.));
#1370=DIRECTION('',(0.,0.,1.));
#1371=DIRECTION('',(1.,0.,0.));
#1372=DIRECTION('center_axis',(0.,1.,0.));
#1373=DIRECTION('ref_axis',(-1.,0.,2.37331988177908E-32));
#1374=DIRECTION('',(0.,0.,1.));
#1375=DIRECTION('',(-1.,0.,0.));
#1376=DIRECTION('',(0.,0.,1.));
#1377=DIRECTION('center_axis',(0.,0.,1.));
#1378=DIRECTION('ref_axis',(0.,1.,0.));
#1379=DIRECTION('center_axis',(0.,4.90706309226588E-16,1.));
#1380=DIRECTION('ref_axis',(0.,1.,0.));
#1381=DIRECTION('',(0.,0.,1.));
#1382=DIRECTION('center_axis',(1.,0.,0.));
#1383=DIRECTION('ref_axis',(0.,1.,-6.9378597551126E-46));
#1384=DIRECTION('',(0.,1.,-4.90706309226588E-16));
#1385=DIRECTION('',(0.,0.,1.));
#1386=DIRECTION('center_axis',(0.,0.,1.));
#1387=DIRECTION('ref_axis',(1.,0.,0.));
#1388=DIRECTION('center_axis',(0.,4.90706309226588E-16,1.));
#1389=DIRECTION('ref_axis',(1.,0.,0.));
#1390=DIRECTION('center_axis',(1.,0.,0.));
#1391=DIRECTION('ref_axis',(0.,0.,-1.));
#1392=DIRECTION('',(0.,-4.44089209850062E-17,1.));
#1393=DIRECTION('',(0.,1.,0.));
#1394=DIRECTION('',(0.,-1.,0.));
#1395=DIRECTION('',(0.,0.,-1.));
#1396=DIRECTION('',(0.,1.,0.));
#1397=DIRECTION('',(0.,0.,1.));
#1398=DIRECTION('',(0.,0.,-1.));
#1399=DIRECTION('',(0.,1.,0.));
#1400=DIRECTION('',(0.,0.,1.));
#1401=DIRECTION('',(0.,-1.,0.));
#1402=DIRECTION('center_axis',(1.,0.,0.));
#1403=DIRECTION('ref_axis',(0.,0.,-1.));
#1404=DIRECTION('',(0.,1.,0.));
#1405=DIRECTION('',(0.,0.,-1.));
#1406=DIRECTION('',(0.,-1.,-9.81412618453176E-16));
#1407=DIRECTION('',(0.,0.,-1.));
#1408=DIRECTION('',(0.,1.,0.));
#1409=DIRECTION('',(0.,0.,-1.));
#1410=DIRECTION('',(0.,1.,0.));
#1411=DIRECTION('',(0.,0.,1.));
#1412=DIRECTION('',(0.,-1.,0.));
#1413=DIRECTION('',(0.,-2.93660396657644E-14,-1.));
#1414=DIRECTION('',(0.,1.,-3.30533622782264E-14));
#1415=DIRECTION('',(0.,2.93660396657644E-14,1.));
#1416=DIRECTION('',(0.,-1.,3.30533622782264E-14));
#1417=DIRECTION('center_axis',(0.,-4.90706309226588E-16,-1.));
#1418=DIRECTION('ref_axis',(-2.04297541062071E-32,1.,-4.90706309226588E-16));
#1419=DIRECTION('',(-1.,5.56781857886237E-16,1.11356371577247E-15));
#1420=DIRECTION('',(3.09758357699284E-16,1.,-4.90706309226588E-16));
#1421=DIRECTION('center_axis',(0.,4.90706309226588E-16,1.));
#1422=DIRECTION('ref_axis',(-1.,0.,0.));
#1423=DIRECTION('center_axis',(-1.,0.,0.));
#1424=DIRECTION('ref_axis',(0.,0.,1.));
#1425=DIRECTION('',(0.,-4.44089209850062E-17,1.));
#1426=DIRECTION('',(0.,1.,0.));
#1427=DIRECTION('',(0.,0.,1.));
#1428=DIRECTION('',(0.,1.,0.));
#1429=DIRECTION('center_axis',(0.,0.,1.));
#1430=DIRECTION('ref_axis',(1.,0.,0.));
#1431=DIRECTION('',(1.,0.,0.));
#1432=DIRECTION('',(0.,1.,0.));
#1433=DIRECTION('',(1.,0.,0.));
#1434=DIRECTION('center_axis',(1.,0.,0.));
#1435=DIRECTION('ref_axis',(0.,0.,-1.));
#1436=DIRECTION('',(0.,4.44089209850062E-17,-1.));
#1437=DIRECTION('',(0.,1.,0.));
#1438=DIRECTION('',(0.,0.,-1.));
#1439=DIRECTION('center_axis',(0.,0.,-1.));
#1440=DIRECTION('ref_axis',(-1.,0.,0.));
#1441=DIRECTION('',(-1.,0.,0.));
#1442=DIRECTION('',(-1.,0.,0.));
#1443=DIRECTION('center_axis',(0.,-1.,0.));
#1444=DIRECTION('ref_axis',(0.,0.,1.));
#1445=DIRECTION('center_axis',(1.,0.,0.));
#1446=DIRECTION('ref_axis',(0.,0.,-1.));
#1447=DIRECTION('',(0.,-4.44089209850062E-17,1.));
#1448=DIRECTION('',(0.,1.,0.));
#1449=DIRECTION('',(0.,0.,-1.));
#1450=DIRECTION('',(0.,1.,0.));
#1451=DIRECTION('center_axis',(0.,0.,1.));
#1452=DIRECTION('ref_axis',(1.,0.,0.));
#1453=DIRECTION('',(-1.,0.,0.));
#1454=DIRECTION('',(1.,0.,0.));
#1455=DIRECTION('',(0.,1.,0.));
#1456=DIRECTION('center_axis',(-1.,0.,0.));
#1457=DIRECTION('ref_axis',(0.,0.,1.));
#1458=DIRECTION('',(0.,4.44089209850062E-17,-1.));
#1459=DIRECTION('',(0.,0.,1.));
#1460=DIRECTION('',(0.,1.,0.));
#1461=DIRECTION('center_axis',(0.,0.,-1.));
#1462=DIRECTION('ref_axis',(-1.,0.,0.));
#1463=DIRECTION('',(1.,0.,0.));
#1464=DIRECTION('',(-1.,0.,0.));
#1465=DIRECTION('center_axis',(0.,1.,0.));
#1466=DIRECTION('ref_axis',(0.,0.,-1.));
#1467=DIRECTION('center_axis',(0.,0.,-1.));
#1468=DIRECTION('ref_axis',(-1.,0.,0.));
#1469=DIRECTION('center_axis',(0.,0.,-1.));
#1470=DIRECTION('ref_axis',(-1.,0.,0.));
#1471=DIRECTION('',(0.,0.,1.));
#1472=DIRECTION('center_axis',(0.,0.,-1.));
#1473=DIRECTION('ref_axis',(-1.,0.,0.));
#1474=DIRECTION('center_axis',(-3.09758357699285E-16,-1.,-9.81412618453176E-16));
#1475=DIRECTION('ref_axis',(0.707106781186547,-8.97195690676444E-16,0.707106781186548));
#1476=DIRECTION('',(-3.09758357699285E-16,-1.,-9.81412618453176E-16));
#1477=DIRECTION('center_axis',(0.,1.,1.26882631385732E-15));
#1478=DIRECTION('ref_axis',(0.,-1.26882631385732E-15,1.));
#1479=DIRECTION('',(3.09758357699285E-16,1.,9.81412618453176E-16));
#1480=DIRECTION('center_axis',(6.72896768007333E-16,-0.707106781186548,
0.707106781186547));
#1481=DIRECTION('ref_axis',(1.11096123852408E-15,0.707106781186547,0.707106781186548));
#1482=DIRECTION('center_axis',(8.00946610622434E-16,-4.44089209850062E-17,
1.));
#1483=DIRECTION('ref_axis',(0.707106781186547,0.707106781186548,-1.79439138135289E-15));
#1484=DIRECTION('',(8.00946610622434E-16,-4.44089209850062E-17,1.));
#1485=DIRECTION('',(-8.00946610622434E-16,4.44089209850062E-17,-1.));
#1486=DIRECTION('center_axis',(8.97195690676442E-16,0.707106781186549,0.707106781186546));
#1487=DIRECTION('ref_axis',(-2.35513868802567E-16,0.707106781186546,-0.707106781186549));
#1488=DIRECTION('center_axis',(2.53765262771465E-15,-1.,0.));
#1489=DIRECTION('ref_axis',(0.,0.,-1.));
#1490=DIRECTION('center_axis',(3.09758357699284E-16,1.,-4.90706309226588E-16));
#1491=DIRECTION('ref_axis',(0.707106781186548,0.,-0.707106781186548));
#1492=DIRECTION('',(-3.09758357699284E-16,-1.,4.90706309226588E-16));
#1493=DIRECTION('center_axis',(0.,-9.81412618453176E-16,1.));
#1494=DIRECTION('ref_axis',(6.13382886533235E-17,-1.,-9.81412618453176E-16));
#1495=DIRECTION('',(1.,0.,0.));
#1496=DIRECTION('',(0.,-1.,-9.81412618453176E-16));
#1497=DIRECTION('center_axis',(0.,9.81412618453176E-16,-1.));
#1498=DIRECTION('ref_axis',(1.,0.,0.));
#1499=DIRECTION('center_axis',(0.,1.,4.44089209850062E-17));
#1500=DIRECTION('ref_axis',(7.39557098644698E-33,-4.44089209850062E-17,
1.));
#1501=DIRECTION('',(8.00946610622434E-16,-4.44089209850062E-17,1.));
#1502=DIRECTION('',(-1.,-4.93038065763134E-32,1.11022302462516E-15));
#1503=DIRECTION('',(0.,-4.44089209850062E-17,1.));
#1504=DIRECTION('center_axis',(-1.,0.,0.));
#1505=DIRECTION('ref_axis',(0.,0.,-1.));
#1506=DIRECTION('center_axis',(1.,-3.09758357699285E-16,-8.00946610622434E-16));
#1507=DIRECTION('ref_axis',(0.,0.,-1.));
#1508=DIRECTION('',(-1.,0.,0.));
#1509=DIRECTION('center_axis',(-1.,3.09758357699285E-16,8.00946610622434E-16));
#1510=DIRECTION('ref_axis',(0.,0.,-1.));
#1511=DIRECTION('',(-1.,0.,0.));
#1512=DIRECTION('center_axis',(-1.,0.,0.));
#1513=DIRECTION('ref_axis',(0.,-0.00745916586324283,0.999972180035337));
#1514=DIRECTION('center_axis',(1.,-3.09758357699285E-16,-8.00946610622434E-16));
#1515=DIRECTION('ref_axis',(0.,0.,-1.));
#1516=DIRECTION('center_axis',(-1.,3.09758357699285E-16,8.00946610622434E-16));
#1517=DIRECTION('ref_axis',(0.,0.,-1.));
#1518=DIRECTION('center_axis',(0.,-1.,2.93660396657644E-14));
#1519=DIRECTION('ref_axis',(0.,2.93660396657644E-14,1.));
#1520=DIRECTION('',(-1.,0.,0.));
#1521=DIRECTION('',(0.,2.93660396657644E-14,1.));
#1522=DIRECTION('',(-1.,0.,0.));
#1523=DIRECTION('center_axis',(0.,-3.30533622782264E-14,-1.));
#1524=DIRECTION('ref_axis',(0.,-1.,3.30533622782264E-14));
#1525=DIRECTION('',(0.,-1.,3.30533622782264E-14));
#1526=DIRECTION('',(-1.,0.,0.));
#1527=DIRECTION('center_axis',(0.,1.,-2.93660396657644E-14));
#1528=DIRECTION('ref_axis',(0.,-2.93660396657644E-14,-1.));
#1529=DIRECTION('',(0.,-2.93660396657644E-14,-1.));
#1530=DIRECTION('',(-1.,0.,0.));
#1531=DIRECTION('center_axis',(0.,3.30533622782264E-14,1.));
#1532=DIRECTION('ref_axis',(0.,1.,-3.30533622782264E-14));
#1533=DIRECTION('',(0.,1.,-3.30533622782264E-14));
#1534=DIRECTION('center_axis',(-1.,0.,0.));
#1535=DIRECTION('ref_axis',(0.,0.,1.));
#1536=DIRECTION('center_axis',(0.,0.,1.));
#1537=DIRECTION('ref_axis',(0.,1.,0.));
#1538=DIRECTION('',(-1.,0.,0.));
#1539=DIRECTION('',(0.,1.,0.));
#1540=DIRECTION('',(-1.,0.,0.));
#1541=DIRECTION('center_axis',(0.,-1.,0.));
#1542=DIRECTION('ref_axis',(0.,0.,1.));
#1543=DIRECTION('',(0.,0.,1.));
#1544=DIRECTION('',(-1.,0.,0.));
#1545=DIRECTION('center_axis',(0.,0.,-1.));
#1546=DIRECTION('ref_axis',(0.,-1.,0.));
#1547=DIRECTION('',(0.,-1.,0.));
#1548=DIRECTION('',(-1.,0.,0.));
#1549=DIRECTION('center_axis',(0.,1.,0.));
#1550=DIRECTION('ref_axis',(0.,0.,-1.));
#1551=DIRECTION('',(0.,0.,-1.));
#1552=DIRECTION('center_axis',(-1.,0.,0.));
#1553=DIRECTION('ref_axis',(0.,0.,1.));
#1554=DIRECTION('center_axis',(0.,-1.,0.));
#1555=DIRECTION('ref_axis',(0.,0.,1.));
#1556=DIRECTION('',(-1.,0.,0.));
#1557=DIRECTION('',(0.,0.,1.));
#1558=DIRECTION('',(-1.,0.,0.));
#1559=DIRECTION('center_axis',(0.,0.,-1.));
#1560=DIRECTION('ref_axis',(0.,-1.,0.));
#1561=DIRECTION('',(0.,-1.,0.));
#1562=DIRECTION('',(-1.,0.,0.));
#1563=DIRECTION('center_axis',(0.,1.,0.));
#1564=DIRECTION('ref_axis',(0.,0.,-1.));
#1565=DIRECTION('',(0.,0.,-1.));
#1566=DIRECTION('',(-1.,0.,0.));
#1567=DIRECTION('center_axis',(0.,0.,1.));
#1568=DIRECTION('ref_axis',(0.,1.,0.));
#1569=DIRECTION('',(0.,1.,0.));
#1570=DIRECTION('center_axis',(-1.,0.,0.));
#1571=DIRECTION('ref_axis',(0.,0.,1.));
#1572=DIRECTION('center_axis',(0.,-1.,0.));
#1573=DIRECTION('ref_axis',(0.,0.,1.));
#1574=DIRECTION('',(-1.,0.,0.));
#1575=DIRECTION('',(0.,0.,1.));
#1576=DIRECTION('',(-1.,0.,0.));
#1577=DIRECTION('center_axis',(0.,0.,-1.));
#1578=DIRECTION('ref_axis',(0.,-1.,0.));
#1579=DIRECTION('',(0.,-1.,0.));
#1580=DIRECTION('',(-1.,0.,0.));
#1581=DIRECTION('center_axis',(0.,1.,0.));
#1582=DIRECTION('ref_axis',(0.,0.,-1.));
#1583=DIRECTION('',(0.,0.,-1.));
#1584=DIRECTION('',(-1.,0.,0.));
#1585=DIRECTION('center_axis',(0.,0.,1.));
#1586=DIRECTION('ref_axis',(0.,1.,0.));
#1587=DIRECTION('',(0.,1.,0.));
#1588=DIRECTION('center_axis',(-1.,0.,0.));
#1589=DIRECTION('ref_axis',(0.,0.,1.));
#1590=DIRECTION('center_axis',(0.,-3.30533622782264E-14,-1.));
#1591=DIRECTION('ref_axis',(0.,-1.,3.30533622782264E-14));
#1592=DIRECTION('',(0.,1.,-3.30533622782264E-14));
#1593=DIRECTION('',(-1.,0.,0.));
#1594=DIRECTION('',(0.,-1.,3.30533622782264E-14));
#1595=DIRECTION('',(-1.,0.,0.));
#1596=DIRECTION('center_axis',(0.,1.,-3.30367946239849E-14));
#1597=DIRECTION('ref_axis',(0.,-3.30367946239849E-14,-1.));
#1598=DIRECTION('',(0.,3.30367946239849E-14,1.));
#1599=DIRECTION('',(0.,-3.30367946239849E-14,-1.));
#1600=DIRECTION('',(-1.,0.,0.));
#1601=DIRECTION('center_axis',(0.,3.30533622782264E-14,1.));
#1602=DIRECTION('ref_axis',(0.,1.,-3.30533622782264E-14));
#1603=DIRECTION('',(0.,-1.,3.30533622782264E-14));
#1604=DIRECTION('',(0.,1.,-3.30533622782264E-14));
#1605=DIRECTION('',(-1.,0.,0.));
#1606=DIRECTION('center_axis',(0.,-1.,3.42603796100585E-14));
#1607=DIRECTION('ref_axis',(0.,3.42603796100585E-14,1.));
#1608=DIRECTION('',(0.,-3.42603796100585E-14,-1.));
#1609=DIRECTION('',(0.,3.42603796100585E-14,1.));
#1610=DIRECTION('center_axis',(-1.,0.,0.));
#1611=DIRECTION('ref_axis',(0.,0.,1.));
#1612=DIRECTION('center_axis',(0.,0.,-1.));
#1613=DIRECTION('ref_axis',(1.,0.,0.));
#1614=DIRECTION('',(0.,0.,1.));
#1615=DIRECTION('center_axis',(0.,-1.38777878078145E-16,1.));
#1616=DIRECTION('ref_axis',(1.,0.,0.));
#1617=DIRECTION('center_axis',(0.,1.38777878078145E-16,-1.));
#1618=DIRECTION('ref_axis',(0.,1.,1.38777878078145E-16));
#1619=DIRECTION('',(0.,1.,0.));
#1620=DIRECTION('',(0.,-1.,-1.38777878078145E-16));
#1621=DIRECTION('',(1.,0.,0.));
#1622=DIRECTION('center_axis',(1.,0.,0.));
#1623=DIRECTION('ref_axis',(0.,0.,-1.));
#1624=DIRECTION('',(-1.66533453693773E-16,4.62223186652936E-32,-1.));
#1625=DIRECTION('center_axis',(0.,1.,0.));
#1626=DIRECTION('ref_axis',(1.,0.,0.));
#1627=DIRECTION('',(-8.00946610622434E-16,0.,-1.));
#1628=DIRECTION('center_axis',(-1.,3.09758357699285E-16,8.00946610622434E-16));
#1629=DIRECTION('ref_axis',(-3.09758357699285E-16,-1.,5.36281045287944E-33));
#1630=DIRECTION('center_axis',(-1.,3.09758357699285E-16,8.00946610622434E-16));
#1631=DIRECTION('ref_axis',(-3.09758357699285E-16,-1.,5.36281045287944E-33));
#1632=CARTESIAN_POINT('',(0.,0.,0.));
#1633=CARTESIAN_POINT('Origin',(17.0000002533198,-105.25,-39.3500004917383));
#1634=CARTESIAN_POINT('',(17.0000002533198,-105.25,2.64999989569187));
#1635=CARTESIAN_POINT('',(17.0000002533198,-105.25,-39.3500004917383));
#1636=CARTESIAN_POINT('',(17.0000002533198,-105.25,-23.1750002980232));
#1637=CARTESIAN_POINT('',(31.1350002533198,-105.25,2.64999989569187));
#1638=CARTESIAN_POINT('',(4.55410012665988,-105.25,2.64999999999999));
#1639=CARTESIAN_POINT('',(31.1350002533198,-105.25,-39.3500004917383));
#1640=CARTESIAN_POINT('',(31.1350002533198,-105.25,-23.1750002980232));
#1641=CARTESIAN_POINT('',(4.55410012665988,-105.25,-39.3500000000001));
#1642=CARTESIAN_POINT('Origin',(31.1350002533198,-105.75,-7.00000010430813));
#1643=CARTESIAN_POINT('',(31.1350002533198,-105.374979656616,2.64999989569187));
#1644=CARTESIAN_POINT('',(31.1350002533198,-66.,2.64999999999999));
#1645=CARTESIAN_POINT('',(31.1350002533198,-105.374979656616,-39.3500004917383));
#1646=CARTESIAN_POINT('Ctrl Pts',(31.1350002533198,-105.374979656616,-39.35));
#1647=CARTESIAN_POINT('Ctrl Pts',(31.1350002533198,-105.374979656616,-32.35));
#1648=CARTESIAN_POINT('Ctrl Pts',(31.1350002533198,-105.374979656616,-25.35));
#1649=CARTESIAN_POINT('Ctrl Pts',(31.1350002533198,-105.374979656616,-11.3500000347694));
#1650=CARTESIAN_POINT('Ctrl Pts',(31.1350002533198,-105.374979656616,-4.35000006953875));
#1651=CARTESIAN_POINT('Ctrl Pts',(31.1350002533198,-105.374979656616,2.64999989569187));
#1652=CARTESIAN_POINT('',(31.1350002533198,-56.95,-39.3500000000001));
#1653=CARTESIAN_POINT('Origin',(17.0000002533198,-105.75,-7.00000010430813));
#1654=CARTESIAN_POINT('',(17.0000002533198,-105.75,-39.3500004917383));
#1655=CARTESIAN_POINT('',(17.0000002533198,-56.95,-39.3500000000001));
#1656=CARTESIAN_POINT('',(17.0000002533198,-105.75,2.64999989569187));
#1657=CARTESIAN_POINT('',(17.0000002533198,-105.75,-7.00000010430813));
#1658=CARTESIAN_POINT('',(17.0000002533198,-66.,2.64999999999999));
#1659=CARTESIAN_POINT('Origin',(17.0000002533198,-105.75,2.64999989569187));
#1660=CARTESIAN_POINT('',(30.9968636743447,-105.75,2.64999989569187));
#1661=CARTESIAN_POINT('',(30.9968636743447,-105.75,-39.3500004917383));
#1662=CARTESIAN_POINT('Ctrl Pts',(30.9968636743446,-105.75,2.64999989569187));
#1663=CARTESIAN_POINT('Ctrl Pts',(30.9968636743447,-105.75,-4.35000006953875));
#1664=CARTESIAN_POINT('Ctrl Pts',(30.9968636743447,-105.75,-11.3500000347694));
#1665=CARTESIAN_POINT('Ctrl Pts',(30.9968636743447,-105.75,-25.35));
#1666=CARTESIAN_POINT('Ctrl Pts',(30.9968636743447,-105.75,-32.35));
#1667=CARTESIAN_POINT('Ctrl Pts',(30.9968636743447,-105.75,-39.35));
#1668=CARTESIAN_POINT('',(4.55410012665988,-105.75,2.64999999999999));
#1669=CARTESIAN_POINT('',(4.55410012665988,-105.75,-39.3500000000001));
#1670=CARTESIAN_POINT('Origin',(-7.89180000000002,-8.14999999999996,-39.35));
#1671=CARTESIAN_POINT('',(41.8802,-28.25,-39.35));
#1672=CARTESIAN_POINT('Ctrl Pts',(31.1350002533198,-105.374979656616,-39.35));
#1673=CARTESIAN_POINT('Ctrl Pts',(32.9428741336506,-100.434774611125,-39.35));
#1674=CARTESIAN_POINT('Ctrl Pts',(34.5205486724734,-94.8399734677501,-39.35));
#1675=CARTESIAN_POINT('Ctrl Pts',(35.8350399967825,-89.0287082085297,-39.35));
#1676=CARTESIAN_POINT('Ctrl Pts',(36.4827801049625,-86.1650989035016,-39.35));
#1677=CARTESIAN_POINT('Ctrl Pts',(37.0637545898347,-83.2712211704692,-39.35));
#1678=CARTESIAN_POINT('Ctrl Pts',(37.5916098499404,-80.3304359500049,-39.35));
#1679=CARTESIAN_POINT('Ctrl Pts',(40.2589551524362,-65.47013193052,-39.35));
#1680=CARTESIAN_POINT('Ctrl Pts',(41.8802,-47.5804446095788,-39.35));
#1681=CARTESIAN_POINT('Ctrl Pts',(41.8802,-28.25,-39.35));
#1682=CARTESIAN_POINT('',(41.8922,-28.25,-39.35));
#1683=CARTESIAN_POINT('',(41.3922,-28.25,-39.35));
#1684=CARTESIAN_POINT('',(41.8922,-8.14999999999996,-39.35));
#1685=CARTESIAN_POINT('',(41.8922,-12.15,-39.35));
#1686=CARTESIAN_POINT('',(16.75,-8.14999999999996,-39.35));
#1687=CARTESIAN_POINT('',(-7.89180000000002,-8.14999999999996,-39.35));
#1688=CARTESIAN_POINT('',(16.75,-101.24,-39.35));
#1689=CARTESIAN_POINT('',(16.75,-38.175,-39.35));
#1690=CARTESIAN_POINT('',(20.2200002533198,-101.24,-39.35));
#1691=CARTESIAN_POINT('',(6.16410012665988,-101.24,-39.3500000000001));
#1692=CARTESIAN_POINT('',(21.7700002533198,-102.79,-39.35));
#1693=CARTESIAN_POINT('Origin',(20.2200002533198,-102.79,-39.35));
#1694=CARTESIAN_POINT('',(21.7700002533198,-103.5,-39.35));
#1695=CARTESIAN_POINT('',(21.7700002533198,-55.825,-39.3500000000001));
#1696=CARTESIAN_POINT('',(20.2200002533198,-105.05,-39.35));
#1697=CARTESIAN_POINT('Origin',(20.2200002533198,-103.5,-39.35));
#1698=CARTESIAN_POINT('',(16.75,-105.05,-39.35));
#1699=CARTESIAN_POINT('',(2.94410012665988,-105.05,-39.3500000000001));
#1700=CARTESIAN_POINT('',(16.7500000000102,-124.242793457306,-39.35));
#1701=CARTESIAN_POINT('',(16.75,-38.175,-39.35));
#1702=CARTESIAN_POINT('Ctrl Pts',(16.7500000000102,-124.242793457306,-39.35));
#1703=CARTESIAN_POINT('Ctrl Pts',(17.2374871052716,-124.270858153898,-39.35));
#1704=CARTESIAN_POINT('Ctrl Pts',(17.7177646692733,-124.221124156101,-39.35));
#1705=CARTESIAN_POINT('Ctrl Pts',(18.2437534379045,-124.074440916553,-39.35));
#1706=CARTESIAN_POINT('Ctrl Pts',(18.5067478227371,-124.001099296634,-39.35));
#1707=CARTESIAN_POINT('Ctrl Pts',(18.7811700087721,-123.903520366183,-39.35));
#1708=CARTESIAN_POINT('Ctrl Pts',(19.0710860088595,-123.773622445929,-39.35));
#1709=CARTESIAN_POINT('Ctrl Pts',(19.9408340091218,-123.383928685169,-39.35));
#1710=CARTESIAN_POINT('Ctrl Pts',(20.9500263358562,-122.70336401619,-39.35));
#1711=CARTESIAN_POINT('Ctrl Pts',(22.0282179744699,-121.65183706801,-39.35));
#1712=CARTESIAN_POINT('Ctrl Pts',(23.4658068259549,-120.249801137103,-39.35));
#1713=CARTESIAN_POINT('Ctrl Pts',(25.0260611207809,-118.188276709837,-39.35));
#1714=CARTESIAN_POINT('Ctrl Pts',(26.5559198345703,-115.515176720696,-39.35));
#1715=CARTESIAN_POINT('Ctrl Pts',(28.0857785483597,-112.842076731556,-39.35));
#1716=CARTESIAN_POINT('Ctrl Pts',(29.5852416811126,-109.557401180541,-39.35));
#1717=CARTESIAN_POINT('Ctrl Pts',(30.9968636743448,-105.75,-39.35));
#1718=CARTESIAN_POINT('Ctrl Pts',(41.8802,-28.249999998044,2.65000000000001));
#1719=CARTESIAN_POINT('Ctrl Pts',(41.8802000000728,-40.9966037090637,2.65000000000001));
#1720=CARTESIAN_POINT('Ctrl Pts',(40.6747052224414,-62.2337285381561,2.65000000000001));
#1721=CARTESIAN_POINT('Ctrl Pts',(36.4166519507187,-88.194339859751,2.65000000000001));
#1722=CARTESIAN_POINT('Ctrl Pts',(33.0055825260711,-100.26341734998,2.65000000000001));
#1723=CARTESIAN_POINT('Ctrl Pts',(31.1350002533173,-105.374979656623,2.65000000000001));
#1724=CARTESIAN_POINT('Ctrl Pts',(41.8802,-28.249999998044,-39.35));
#1725=CARTESIAN_POINT('Ctrl Pts',(41.8802000000728,-40.9966037090637,-39.35));
#1726=CARTESIAN_POINT('Ctrl Pts',(40.6747052224414,-62.2337285381561,-39.35));
#1727=CARTESIAN_POINT('Ctrl Pts',(36.4166519507187,-88.194339859751,-39.35));
#1728=CARTESIAN_POINT('Ctrl Pts',(33.0055825260711,-100.26341734998,-39.35));
#1729=CARTESIAN_POINT('Ctrl Pts',(31.1350002533173,-105.374979656623,-39.35));
#1730=CARTESIAN_POINT('',(41.8802,-28.25,2.65));
#1731=CARTESIAN_POINT('Ctrl Pts',(41.8802,-28.25,2.65));
#1732=CARTESIAN_POINT('Ctrl Pts',(41.8802,-36.8313036439222,2.65));
#1733=CARTESIAN_POINT('Ctrl Pts',(41.5572831245341,-45.415540685918,2.65));
#1734=CARTESIAN_POINT('Ctrl Pts',(39.517691421115,-71.8294423354498,2.65));
#1735=CARTESIAN_POINT('Ctrl Pts',(36.7281659559014,-87.5169412726477,2.65));
#1736=CARTESIAN_POINT('Ctrl Pts',(32.4931947956117,-101.467588480431,2.65));
#1737=CARTESIAN_POINT('Ctrl Pts',(31.8454166696924,-103.433692267741,2.65));
#1738=CARTESIAN_POINT('Ctrl Pts',(31.1350002533173,-105.374979656623,2.65));
#1739=CARTESIAN_POINT('Ctrl Pts',(41.8802,-28.25,-39.35));
#1740=CARTESIAN_POINT('Ctrl Pts',(41.8802,-28.25,-32.35));
#1741=CARTESIAN_POINT('Ctrl Pts',(41.8802,-28.25,-25.35));
#1742=CARTESIAN_POINT('Ctrl Pts',(41.8802,-28.25,-11.35));
#1743=CARTESIAN_POINT('Ctrl Pts',(41.8802,-28.25,-4.34999999999999));
#1744=CARTESIAN_POINT('Ctrl Pts',(41.8802,-28.25,2.65000000000001));
#1745=CARTESIAN_POINT('Ctrl Pts',(30.9968636743448,-105.75,2.65000000000001));
#1746=CARTESIAN_POINT('Ctrl Pts',(29.5852416811126,-109.557401180541,2.65000000000001));
#1747=CARTESIAN_POINT('Ctrl Pts',(26.5863154156069,-116.12675228257,2.65000000000001));
#1748=CARTESIAN_POINT('Ctrl Pts',(22.2956161048353,-121.795944457553,2.65000000000001));
#1749=CARTESIAN_POINT('Ctrl Pts',(19.604436566877,-123.610783574828,2.65000000000001));
#1750=CARTESIAN_POINT('Ctrl Pts',(17.9579034506672,-124.196257157538,2.65000000000001));
#1751=CARTESIAN_POINT('Ctrl Pts',(17.2374871033833,-124.270858154094,2.65000000000001));
#1752=CARTESIAN_POINT('Ctrl Pts',(16.7499999971352,-124.24279345714,2.65000000000001));
#1753=CARTESIAN_POINT('Ctrl Pts',(30.9968636743448,-105.75,-39.35));
#1754=CARTESIAN_POINT('Ctrl Pts',(29.5852416811126,-109.557401180541,-39.35));
#1755=CARTESIAN_POINT('Ctrl Pts',(26.5863154156069,-116.12675228257,-39.35));
#1756=CARTESIAN_POINT('Ctrl Pts',(22.2956161048353,-121.795944457553,-39.35));
#1757=CARTESIAN_POINT('Ctrl Pts',(19.604436566877,-123.610783574828,-39.35));
#1758=CARTESIAN_POINT('Ctrl Pts',(17.9579034506672,-124.196257157538,-39.35));
#1759=CARTESIAN_POINT('Ctrl Pts',(17.2374871033833,-124.270858154094,-39.35));
#1760=CARTESIAN_POINT('Ctrl Pts',(16.7499999971352,-124.24279345714,-39.35));
#1761=CARTESIAN_POINT('',(16.75,-124.242793457305,2.65));
#1762=CARTESIAN_POINT('Ctrl Pts',(16.75,-124.242793457305,-39.35));
#1763=CARTESIAN_POINT('Ctrl Pts',(16.75,-124.242793457305,-32.35));
#1764=CARTESIAN_POINT('Ctrl Pts',(16.75,-124.242793457305,-25.35));
#1765=CARTESIAN_POINT('Ctrl Pts',(16.75,-124.242793457305,-11.35));
#1766=CARTESIAN_POINT('Ctrl Pts',(16.75,-124.242793457305,-4.34999999999999));
#1767=CARTESIAN_POINT('Ctrl Pts',(16.75,-124.242793457305,2.65000000000001));
#1768=CARTESIAN_POINT('Ctrl Pts',(30.9968636743447,-105.75,2.65));
#1769=CARTESIAN_POINT('Ctrl Pts',(29.8221460403302,-108.918427049163,2.65));
#1770=CARTESIAN_POINT('Ctrl Pts',(28.4795932406271,-112.009630948112,2.65));
#1771=CARTESIAN_POINT('Ctrl Pts',(26.0175066245648,-116.512531103648,2.65));
#1772=CARTESIAN_POINT('Ctrl Pts',(24.9242792718092,-118.247698383298,2.65));
#1773=CARTESIAN_POINT('Ctrl Pts',(22.8495051826576,-120.859321858735,2.65));
#1774=CARTESIAN_POINT('Ctrl Pts',(21.8123374999548,-121.96747260165,2.65));
#1775=CARTESIAN_POINT('Ctrl Pts',(20.6744445192462,-122.813073003335,2.65));
#1776=CARTESIAN_POINT('Ctrl Pts',(19.9084474269542,-123.382307070083,2.65));
#1777=CARTESIAN_POINT('Ctrl Pts',(19.0491333601342,-123.864291393904,2.65));
#1778=CARTESIAN_POINT('Ctrl Pts',(17.6863580138104,-124.220928813704,2.65));
#1779=CARTESIAN_POINT('Ctrl Pts',(17.2183661158935,-124.269757356016,2.65));
#1780=CARTESIAN_POINT('Ctrl Pts',(16.7499999999986,-124.242793457305,2.65));
#1781=CARTESIAN_POINT('Origin',(13.7800002533198,-105.05,-43.35));
#1782=CARTESIAN_POINT('',(16.75,-105.05,-43.35));
#1783=CARTESIAN_POINT('',(16.75,-105.05,-30.85));
#1784=CARTESIAN_POINT('',(20.2200002533198,-105.05,-43.35));
#1785=CARTESIAN_POINT('',(20.2200002533198,-105.05,-43.35));
#1786=CARTESIAN_POINT('',(2.94410012665988,-105.05,-43.35));
#1787=CARTESIAN_POINT('Origin',(20.2200002533198,-101.24,-43.35));
#1788=CARTESIAN_POINT('',(16.75,-101.24,-43.35));
#1789=CARTESIAN_POINT('',(16.75,-101.24,-30.85));
#1790=CARTESIAN_POINT('',(20.2200002533198,-101.24,-43.35));
#1791=CARTESIAN_POINT('',(6.16410012665988,-101.24,-43.35));
#1792=CARTESIAN_POINT('',(20.2200002533198,-101.24,-43.35));
#1793=CARTESIAN_POINT('Origin',(20.2200002533198,-102.79,-43.35));
#1794=CARTESIAN_POINT('',(21.7700002533198,-102.79,-43.35));
#1795=CARTESIAN_POINT('Origin',(20.2200002533198,-102.79,-43.35));
#1796=CARTESIAN_POINT('',(21.7700002533198,-102.79,-43.35));
#1797=CARTESIAN_POINT('Origin',(21.7700002533198,-103.5,-43.35));
#1798=CARTESIAN_POINT('',(21.7700002533198,-103.5,-43.35));
#1799=CARTESIAN_POINT('',(21.7700002533198,-64.875,-43.35));
#1800=CARTESIAN_POINT('',(21.7700002533198,-103.5,-43.35));
#1801=CARTESIAN_POINT('Origin',(20.2200002533198,-103.5,-43.35));
#1802=CARTESIAN_POINT('Origin',(20.2200002533198,-103.5,-43.35));
#1803=CARTESIAN_POINT('Origin',(16.75,-68.2,-18.35));
#1804=CARTESIAN_POINT('',(16.75,-8.14999999999999,-43.35));
#1805=CARTESIAN_POINT('',(16.75,-8.15,-30.85));
#1806=CARTESIAN_POINT('',(16.75,-73.225,-43.35));
#1807=CARTESIAN_POINT('',(16.75,-9.75252403915847,-40.4426473949408));
#1808=CARTESIAN_POINT('',(16.75,-19.157390154695,-40.4426473949408));
#1809=CARTESIAN_POINT('',(16.75,-43.6786950773475,-40.4426473949408));
#1810=CARTESIAN_POINT('',(16.75,-19.157390154695,-42.2573526050592));
#1811=CARTESIAN_POINT('',(16.75,-19.157390154695,-30.3036763025296));
#1812=CARTESIAN_POINT('',(16.75,-9.75252403915847,-42.2573526050592));
#1813=CARTESIAN_POINT('',(16.75,-38.9762620195792,-42.2573526050592));
#1814=CARTESIAN_POINT('',(16.75,-9.75252403915847,-29.3963236974704));
#1815=CARTESIAN_POINT('',(16.75,-69.157390154695,-40.44264739494));
#1816=CARTESIAN_POINT('',(16.75,-69.157390154695,-42.2573526050584));
#1817=CARTESIAN_POINT('',(16.75,-69.157390154695,-30.3036763025292));
#1818=CARTESIAN_POINT('',(16.75,-59.7525240391585,-42.2573526050584));
#1819=CARTESIAN_POINT('',(16.75,-63.9762620195792,-42.2573526050584));
#1820=CARTESIAN_POINT('',(16.75,-59.7525240391585,-40.44264739494));
#1821=CARTESIAN_POINT('',(16.75,-59.7525240391585,-29.39632369747));
#1822=CARTESIAN_POINT('',(16.75,-68.6786950773475,-40.44264739494));
#1823=CARTESIAN_POINT('Origin',(16.75,-68.2,-18.35));
#1824=CARTESIAN_POINT('',(16.7500000000001,-124.743536274721,-43.3499999999999));
#1825=CARTESIAN_POINT('',(16.75,-73.225,-43.35));
#1826=CARTESIAN_POINT('',(16.7499999742886,-128.24624717398,-39.8499999999999));
#1827=CARTESIAN_POINT('Ctrl Pts',(16.75,-128.246247174366,-39.8499999999999));
#1828=CARTESIAN_POINT('Ctrl Pts',(16.75,-128.246247174366,-40.3055592395487));
#1829=CARTESIAN_POINT('Ctrl Pts',(16.75,-128.1572642819,-40.7567552406776));
#1830=CARTESIAN_POINT('Ctrl Pts',(16.75,-127.811329443465,-41.5997437155635));
#1831=CARTESIAN_POINT('Ctrl Pts',(16.7500000000034,-127.557661911971,-41.9834463465375));
#1832=CARTESIAN_POINT('Ctrl Pts',(16.7500000000034,-126.91738282995,-42.632233548442));
#1833=CARTESIAN_POINT('Ctrl Pts',(16.7500000000266,-126.536854770884,-42.8910336914716));
#1834=CARTESIAN_POINT('Ctrl Pts',(16.7500000000266,-125.900812868493,-43.1619427095451));
#1835=CARTESIAN_POINT('Ctrl Pts',(16.7500000000003,-125.675448842432,-43.232133048413));
#1836=CARTESIAN_POINT('Ctrl Pts',(16.7500000000003,-125.213984115191,-43.3262894728827));
#1837=CARTESIAN_POINT('Ctrl Pts',(16.75,-124.979061529872,-43.3499999999999));
#1838=CARTESIAN_POINT('Ctrl Pts',(16.75,-124.743536274721,-43.3499999999999));
#1839=CARTESIAN_POINT('',(16.7499999742886,-128.24624717398,3.1499999999999));
#1840=CARTESIAN_POINT('',(16.75,-128.246247174366,6.65));
#1841=CARTESIAN_POINT('',(16.7500000000001,-124.743536274721,6.6499999999999));
#1842=CARTESIAN_POINT('Ctrl Pts',(16.75,-124.743536274721,6.6499999999999));
#1843=CARTESIAN_POINT('Ctrl Pts',(16.75,-125.200375744687,6.6499999999999));
#1844=CARTESIAN_POINT('Ctrl Pts',(16.7499999993969,-125.652808013873,6.56079412014388));
#1845=CARTESIAN_POINT('Ctrl Pts',(16.7499999993969,-126.497310669765,6.21400349694947));
#1846=CARTESIAN_POINT('Ctrl Pts',(16.7499999998743,-126.881345832706,5.96001157561973));
#1847=CARTESIAN_POINT('Ctrl Pts',(16.7499999998743,-127.530124819801,5.31926098110722));
#1848=CARTESIAN_POINT('Ctrl Pts',(16.7499999999832,-127.788734263171,4.93875152196951));
#1849=CARTESIAN_POINT('Ctrl Pts',(16.7499999999832,-128.058979459661,4.30339217515175));
#1850=CARTESIAN_POINT('Ctrl Pts',(16.75,-128.12887881732,4.07872171357226));
#1851=CARTESIAN_POINT('Ctrl Pts',(16.75,-128.222630785668,3.61878773403389));
#1852=CARTESIAN_POINT('Ctrl Pts',(16.75,-128.246247174366,3.38469159323757));
#1853=CARTESIAN_POINT('Ctrl Pts',(16.75,-128.246247174366,3.1499999999999));
#1854=CARTESIAN_POINT('',(16.75,-74.8767386952739,6.64999999999995));
#1855=CARTESIAN_POINT('',(16.75,-38.175,6.64999999999998));
#1856=CARTESIAN_POINT('',(16.75,-74.8767386952739,2.64999999999995));
#1857=CARTESIAN_POINT('',(16.75,-74.8767386952739,6.64999999999995));
#1858=CARTESIAN_POINT('',(16.75,-73.225,2.65));
#1859=CARTESIAN_POINT('',(16.75,-119.157390154695,-40.4426473949391));
#1860=CARTESIAN_POINT('',(16.75,-119.157390154695,-42.2573526050576));
#1861=CARTESIAN_POINT('',(16.75,-119.157390154695,-30.3036763025288));
#1862=CARTESIAN_POINT('',(16.75,-109.752524039158,-42.2573526050576));
#1863=CARTESIAN_POINT('',(16.75,-88.9762620195792,-42.2573526050576));
#1864=CARTESIAN_POINT('',(16.75,-109.752524039158,-40.4426473949391));
#1865=CARTESIAN_POINT('',(16.75,-109.752524039158,-29.3963236974696));
#1866=CARTESIAN_POINT('',(16.75,-93.6786950773475,-40.4426473949391));
#1867=CARTESIAN_POINT('',(16.75,-119.157390154694,5.55735260506128));
#1868=CARTESIAN_POINT('',(16.75,-119.157390154694,3.74264739494284));
#1869=CARTESIAN_POINT('',(16.75,-119.157390154695,-7.30367630252783));
#1870=CARTESIAN_POINT('',(16.75,-109.752524039158,3.74264739494253));
#1871=CARTESIAN_POINT('',(16.75,-88.9762620195785,3.74264739494184));
#1872=CARTESIAN_POINT('',(16.75,-109.752524039158,5.55735260506097));
#1873=CARTESIAN_POINT('',(16.75,-109.752524039158,-6.3963236974689));
#1874=CARTESIAN_POINT('',(16.75,-93.6786950773467,5.55735260506044));
#1875=CARTESIAN_POINT('Origin',(-7.89180000000002,-26.25,-43.35));
#1876=CARTESIAN_POINT('',(42.3801999999999,-8.15,-43.35));
#1877=CARTESIAN_POINT('',(45.3802,-8.15000000000001,-43.35));
#1878=CARTESIAN_POINT('',(42.3802,-28.25,-43.35));
#1879=CARTESIAN_POINT('',(42.3801999999999,-21.725,-43.35));
#1880=CARTESIAN_POINT('Ctrl Pts',(16.75,-124.743536274721,-43.3499999999999));
#1881=CARTESIAN_POINT('Ctrl Pts',(17.0587797760266,-124.759484315651,-43.3499999999999));
#1882=CARTESIAN_POINT('Ctrl Pts',(17.6793554096301,-124.731347603574,-43.3499999999999));
#1883=CARTESIAN_POINT('Ctrl Pts',(18.8888643120175,-124.447977474894,-43.3499999999999));
#1884=CARTESIAN_POINT('Ctrl Pts',(20.8422523506573,-123.475239223723,-43.3499999999999));
#1885=CARTESIAN_POINT('Ctrl Pts',(24.0629563509446,-120.527890474894,-43.3499999999999));
#1886=CARTESIAN_POINT('Ctrl Pts',(28.7952896931101,-113.206891308179,-43.3499999999999));
#1887=CARTESIAN_POINT('Ctrl Pts',(31.7577548349016,-105.472296767518,-43.3499999999999));
#1888=CARTESIAN_POINT('Ctrl Pts',(33.7134347154721,-99.1961926859376,-43.3499999999999));
#1889=CARTESIAN_POINT('Ctrl Pts',(36.4495632824898,-89.6743439063747,-43.3499999999999));
#1890=CARTESIAN_POINT('Ctrl Pts',(40.0485472090065,-70.9666460993445,-43.35));
#1891=CARTESIAN_POINT('Ctrl Pts',(42.0518904706673,-48.0946596137478,-43.35));
#1892=CARTESIAN_POINT('Ctrl Pts',(42.3802,-33.1967119084363,-43.35));
#1893=CARTESIAN_POINT('Ctrl Pts',(42.3802,-28.25,-43.35));
#1894=CARTESIAN_POINT('',(34.4999999404011,-30.0000004470315,-43.35));
#1895=CARTESIAN_POINT('Origin',(29.4999999404011,-30.0000004470315,-43.35));
#1896=CARTESIAN_POINT('Origin',(38.5000000745058,-8.14999999999998,-42.1412092343643));
#1897=CARTESIAN_POINT('',(38.5000000745058,-8.14999999999998,-42.1412092343643));
#1898=CARTESIAN_POINT('',(38.5000000745058,-8.14999999999998,-40.0000005960464));
#1899=CARTESIAN_POINT('',(38.5000000745058,-8.15,-42.7456046171822));
#1900=CARTESIAN_POINT('',(38.5000000745058,-4.64999999999998,-42.1412092343643));
#1901=CARTESIAN_POINT('',(38.5000000745058,-8.14999999999998,-42.1412092343643));
#1902=CARTESIAN_POINT('',(38.5000000745058,-4.64999999999998,-40.0000005960464));
#1903=CARTESIAN_POINT('',(38.5000000745058,-4.64999999999998,-40.0000005960464));
#1904=CARTESIAN_POINT('',(38.5000000745058,-8.14999999999998,-40.0000005960464));
#1905=CARTESIAN_POINT('Origin',(18.4999997764826,-8.14999999999998,-42.1412092343643));
#1906=CARTESIAN_POINT('',(18.4999997764826,-8.14999999999998,-42.1412092343643));
#1907=CARTESIAN_POINT('',(5.30409988824128,-8.15,-42.1412092343643));
#1908=CARTESIAN_POINT('',(18.4999997764826,-4.64999999999998,-42.1412092343643));
#1909=CARTESIAN_POINT('',(18.4999997764826,-8.14999999999998,-42.1412092343643));
#1910=CARTESIAN_POINT('',(38.5000000745058,-4.64999999999998,-42.1412092343643));
#1911=CARTESIAN_POINT('Origin',(18.4999997764826,-8.14999999999998,-40.0000005960464));
#1912=CARTESIAN_POINT('',(18.4999997764826,-8.14999999999998,-40.0000005960464));
#1913=CARTESIAN_POINT('',(18.4999997764826,-8.15,-41.6750002980232));
#1914=CARTESIAN_POINT('',(18.4999997764826,-4.64999999999998,-40.0000005960464));
#1915=CARTESIAN_POINT('',(18.4999997764826,-8.14999999999998,-40.0000005960464));
#1916=CARTESIAN_POINT('',(18.4999997764826,-4.64999999999998,-42.1412092343643));
#1917=CARTESIAN_POINT('Origin',(38.5000000745058,-8.14999999999998,-40.0000005960464));
#1918=CARTESIAN_POINT('',(15.3041000372529,-8.15,-40.0000005960464));
#1919=CARTESIAN_POINT('',(18.4999997764826,-4.64999999999998,-40.0000005960464));
#1920=CARTESIAN_POINT('Origin',(28.4999999254942,-4.64999999999998,-41.0706049152054));
#1921=CARTESIAN_POINT('Origin',(38.5000000745058,-8.14999999999998,5.4412092343643));
#1922=CARTESIAN_POINT('',(38.5000000745058,-8.14999999999998,3.30000059604645));
#1923=CARTESIAN_POINT('',(38.5000000745058,-8.14999999999998,5.4412092343643));
#1924=CARTESIAN_POINT('',(38.5000000745058,-8.15,-18.9543953828179));
#1925=CARTESIAN_POINT('',(38.5000000745058,-4.64999999999998,3.30000059604645));
#1926=CARTESIAN_POINT('',(38.5000000745058,-8.14999999999998,3.30000059604645));
#1927=CARTESIAN_POINT('',(38.5000000745058,-4.64999999999998,5.4412092343643));
#1928=CARTESIAN_POINT('',(38.5000000745058,-4.64999999999998,3.30000059604645));
#1929=CARTESIAN_POINT('',(38.5000000745058,-8.14999999999998,5.4412092343643));
#1930=CARTESIAN_POINT('Origin',(18.4999997764826,-8.14999999999998,5.4412092343643));
#1931=CARTESIAN_POINT('',(18.4999997764826,-8.14999999999998,5.4412092343643));
#1932=CARTESIAN_POINT('',(5.30409988824128,-8.15,5.4412092343643));
#1933=CARTESIAN_POINT('',(18.4999997764826,-4.64999999999998,5.4412092343643));
#1934=CARTESIAN_POINT('',(38.5000000745058,-4.64999999999998,5.4412092343643));
#1935=CARTESIAN_POINT('',(18.4999997764826,-8.14999999999998,5.4412092343643));
#1936=CARTESIAN_POINT('Origin',(18.4999997764826,-8.14999999999998,3.30000059604645));
#1937=CARTESIAN_POINT('',(18.4999997764826,-8.14999999999998,3.30000059604645));
#1938=CARTESIAN_POINT('',(18.4999997764826,-8.15,-20.0249997019768));
#1939=CARTESIAN_POINT('',(18.4999997764826,-4.64999999999998,3.30000059604645));
#1940=CARTESIAN_POINT('',(18.4999997764826,-4.64999999999998,5.4412092343643));
#1941=CARTESIAN_POINT('',(18.4999997764826,-8.14999999999998,3.30000059604645));
#1942=CARTESIAN_POINT('Origin',(38.5000000745058,-8.14999999999998,3.30000059604645));
#1943=CARTESIAN_POINT('',(15.3041000372529,-8.15,3.30000059604645));
#1944=CARTESIAN_POINT('',(18.4999997764826,-4.64999999999998,3.30000059604645));
#1945=CARTESIAN_POINT('Origin',(28.4999999254942,-4.64999999999998,4.37060491520537));
#1946=CARTESIAN_POINT('Origin',(29.4999999404011,-30.0000004470315,-43.35));
#1947=CARTESIAN_POINT('',(34.4999999404011,-30.0000004470315,-46.35));
#1948=CARTESIAN_POINT('Origin',(29.4999999404011,-30.0000004470315,-46.35));
#1949=CARTESIAN_POINT('',(34.4999999404011,-30.0000004470315,-43.35));
#1950=CARTESIAN_POINT('Origin',(29.4999999404011,-30.0000004470315,-46.35));
#1951=CARTESIAN_POINT('Origin',(42.3802,-12.675,3.15000000000001));
#1952=CARTESIAN_POINT('',(42.3802,-8.15,6.65000000000001));
#1953=CARTESIAN_POINT('',(42.3802,-28.25,6.64999999999999));
#1954=CARTESIAN_POINT('',(42.3802,-12.675,6.65000000000001));
#1955=CARTESIAN_POINT('',(45.8802,-28.25,3.14999999999999));
#1956=CARTESIAN_POINT('Origin',(42.3802,-28.25,3.14999999999999));
#1957=CARTESIAN_POINT('',(45.8802,-11.65,3.15));
#1958=CARTESIAN_POINT('',(45.8802,-12.675,3.15));
#1959=CARTESIAN_POINT('Origin',(42.3802,-11.65,3.15000000000001));
#1960=CARTESIAN_POINT('Ctrl Pts',(42.3802,-28.25,6.64999999999999));
#1961=CARTESIAN_POINT('Ctrl Pts',(42.3802,-33.1967119084363,6.64999999999999));
#1962=CARTESIAN_POINT('Ctrl Pts',(42.0518980395967,-48.094591845756,6.64999999999996));
#1963=CARTESIAN_POINT('Ctrl Pts',(40.0485701725705,-70.9667895414499,6.64999999999996));
#1964=CARTESIAN_POINT('Ctrl Pts',(36.4495066198303,-89.6741663610767,6.64999999999993));
#1965=CARTESIAN_POINT('Ctrl Pts',(33.7135120407307,-99.196390091869,6.64999999999992));
#1966=CARTESIAN_POINT('Ctrl Pts',(31.7577733203056,-105.47232502574,6.64999999999992));
#1967=CARTESIAN_POINT('Ctrl Pts',(28.7950186293975,-113.206218349642,6.64999999999991));
#1968=CARTESIAN_POINT('Ctrl Pts',(24.0631702424066,-120.528181221048,6.6499999999999));
#1969=CARTESIAN_POINT('Ctrl Pts',(20.8417894588497,-123.473701034557,6.6499999999999));
#1970=CARTESIAN_POINT('Ctrl Pts',(18.6103703308089,-124.587600999268,6.6499999999999));
#1971=CARTESIAN_POINT('Ctrl Pts',(17.3675595520532,-124.77543235658,6.6499999999999));
#1972=CARTESIAN_POINT('Ctrl Pts',(16.75,-124.743536274721,6.6499999999999));
#1973=CARTESIAN_POINT('Ctrl Pts',(43.4273975511966,-28.25,6.64999999999999));
#1974=CARTESIAN_POINT('Ctrl Pts',(43.4273975511966,-33.211885772375,6.64999999999999));
#1975=CARTESIAN_POINT('Ctrl Pts',(43.098203581726,-48.1551098067758,6.64999999999997));
#1976=CARTESIAN_POINT('Ctrl Pts',(41.0882510600278,-71.1039267596007,6.64999999999995));
#1977=CARTESIAN_POINT('Ctrl Pts',(37.4736231933874,-89.9009302540842,6.64999999999993));
#1978=CARTESIAN_POINT('Ctrl Pts',(34.7170079789498,-99.496147218838,6.64999999999992));
#1979=CARTESIAN_POINT('Ctrl Pts',(32.7439834902648,-105.826936309141,6.64999999999992));
#1980=CARTESIAN_POINT('Ctrl Pts',(29.7530236833886,-113.644477698689,6.64999999999991));
#1981=CARTESIAN_POINT('Ctrl Pts',(24.9045806649889,-121.169979489145,6.6499999999999));
#1982=CARTESIAN_POINT('Ctrl Pts',(21.4823240089526,-124.318286753832,6.6499999999999));
#1983=CARTESIAN_POINT('Ctrl Pts',(18.9586090878984,-125.593083055664,6.6499999999999));
#1984=CARTESIAN_POINT('Ctrl Pts',(17.4468415074026,-125.828120519096,6.6499999999999));
#1985=CARTESIAN_POINT('Ctrl Pts',(16.6959857157085,-125.789339874029,6.6499999999999));
#1986=CARTESIAN_POINT('Ctrl Pts',(45.2403473186059,-28.25,5.77107712450416));
#1987=CARTESIAN_POINT('Ctrl Pts',(45.2403473186059,-33.237973353741,5.77107712450415));
#1988=CARTESIAN_POINT('Ctrl Pts',(44.9095590525287,-48.2601330083766,5.77107712450414));
#1989=CARTESIAN_POINT('Ctrl Pts',(42.8882642800387,-71.3410927287303,5.77107712450411));
#1990=CARTESIAN_POINT('Ctrl Pts',(39.2464860466609,-90.2938571905016,5.7710771245041));
#1991=CARTESIAN_POINT('Ctrl Pts',(36.4542606512092,-100.01513066688,5.77107712450409));
#1992=CARTESIAN_POINT('Ctrl Pts',(34.4510055943674,-106.440942484614,5.77107712450409));
#1993=CARTESIAN_POINT('Ctrl Pts',(31.4116876239776,-114.403407365728,5.77107712450407));
#1994=CARTESIAN_POINT('Ctrl Pts',(26.3579366667583,-122.282622711745,5.77107712450407));
#1995=CARTESIAN_POINT('Ctrl Pts',(22.5860710639606,-125.78179642056,5.77107712450407));
#1996=CARTESIAN_POINT('Ctrl Pts',(19.5584481428285,-127.333759648929,5.77107712450407));
#1997=CARTESIAN_POINT('Ctrl Pts',(17.5824986649912,-127.650493269019,5.77107712450406));
#1998=CARTESIAN_POINT('Ctrl Pts',(16.6024740530512,-127.599876376863,5.77107712450406));
#1999=CARTESIAN_POINT('Ctrl Pts',(45.8802,-28.25,3.93539816339744));
#2000=CARTESIAN_POINT('Ctrl Pts',(45.8802,-33.2472590418127,3.93539816339743));
#2001=CARTESIAN_POINT('Ctrl Pts',(45.5488706167142,-48.297090623028,3.93539816339741));
#2002=CARTESIAN_POINT('Ctrl Pts',(43.5235181795305,-71.4249051994552,3.93539816339741));
#2003=CARTESIAN_POINT('Ctrl Pts',(39.872245951785,-90.4323862330049,3.93539816339738));
#2004=CARTESIAN_POINT('Ctrl Pts',(37.0674140839819,-100.198284049765,3.93539816339737));
#2005=CARTESIAN_POINT('Ctrl Pts',(35.0536210195427,-106.657608078558,3.93539816339736));
#2006=CARTESIAN_POINT('Ctrl Pts',(31.9970324191897,-114.671174623145,3.93539816339736));
#2007=CARTESIAN_POINT('Ctrl Pts',(26.8723107635922,-122.674650404091,3.93539816339735));
#2008=CARTESIAN_POINT('Ctrl Pts',(22.9778514552113,-126.297746357001,3.93539816339735));
#2009=CARTESIAN_POINT('Ctrl Pts',(19.7714652883917,-127.948127764739,3.93539816339735));
#2010=CARTESIAN_POINT('Ctrl Pts',(17.6310661678502,-128.293707253399,3.93539816339735));
#2011=CARTESIAN_POINT('Ctrl Pts',(16.5694705528062,-128.238877333716,3.93539816339735));
#2012=CARTESIAN_POINT('Ctrl Pts',(45.8802,-28.25,3.14999999999999));
#2013=CARTESIAN_POINT('Ctrl Pts',(45.8802,-33.2472238470825,3.14999999999999));
#2014=CARTESIAN_POINT('Ctrl Pts',(45.5488609454786,-48.2971393737713,3.14999999999997));
#2015=CARTESIAN_POINT('Ctrl Pts',(43.5235329909122,-71.4248565872977,3.14999999999995));
#2016=CARTESIAN_POINT('Ctrl Pts',(39.8722211596228,-90.4324528140432,3.14999999999993));
#2017=CARTESIAN_POINT('Ctrl Pts',(37.0674065163377,-100.198290250753,3.14999999999992));
#2018=CARTESIAN_POINT('Ctrl Pts',(35.0535545211432,-106.657625310079,3.14999999999992));
#2019=CARTESIAN_POINT('Ctrl Pts',(31.9970571211977,-114.671212865008,3.14999999999991));
#2020=CARTESIAN_POINT('Ctrl Pts',(26.8716674439205,-122.674947550687,3.1499999999999));
#2021=CARTESIAN_POINT('Ctrl Pts',(22.9768514336912,-126.298003437861,3.1499999999999));
#2022=CARTESIAN_POINT('Ctrl Pts',(19.7708763667123,-127.948117388412,3.1499999999999));
#2023=CARTESIAN_POINT('Ctrl Pts',(17.6307569964215,-128.293691285129,3.1499999999999));
#2024=CARTESIAN_POINT('Ctrl Pts',(16.5694705528062,-128.238877333716,3.1499999999999));
#2025=CARTESIAN_POINT('Ctrl Pts',(16.7500061343112,-128.246024367909,3.1499999999999));
#2026=CARTESIAN_POINT('Ctrl Pts',(17.7516381872255,-128.273717261184,3.1499999999999));
#2027=CARTESIAN_POINT('Ctrl Pts',(19.8163090412034,-127.924733210924,3.1499999999999));
#2028=CARTESIAN_POINT('Ctrl Pts',(22.9768514336912,-126.298003437861,3.1499999999999));
#2029=CARTESIAN_POINT('Ctrl Pts',(26.8716674439205,-122.674947550687,3.1499999999999));
#2030=CARTESIAN_POINT('Ctrl Pts',(31.9970571211977,-114.671212865008,3.14999999999991));
#2031=CARTESIAN_POINT('Ctrl Pts',(35.0535545211432,-106.657625310079,3.14999999999992));
#2032=CARTESIAN_POINT('Ctrl Pts',(37.0674065163377,-100.198290250753,3.14999999999992));
#2033=CARTESIAN_POINT('Ctrl Pts',(39.8722211596228,-90.4324528140432,3.14999999999993));
#2034=CARTESIAN_POINT('Ctrl Pts',(43.5235329909122,-71.4248565872977,3.14999999999995));
#2035=CARTESIAN_POINT('Ctrl Pts',(45.5488609454786,-48.2971393737713,3.14999999999997));
#2036=CARTESIAN_POINT('Ctrl Pts',(45.8802,-33.2472238470825,3.14999999999999));
#2037=CARTESIAN_POINT('Ctrl Pts',(45.8802,-28.25,3.14999999999999));
#2038=CARTESIAN_POINT('Ctrl Pts',(42.3802,-28.25,6.64999999999999));
#2039=CARTESIAN_POINT('Ctrl Pts',(42.3802,-33.1967119084363,6.64999999999999));
#2040=CARTESIAN_POINT('Ctrl Pts',(42.0518980395967,-48.094591845756,6.64999999999996));
#2041=CARTESIAN_POINT('Ctrl Pts',(40.0485701725705,-70.9667895414499,6.64999999999996));
#2042=CARTESIAN_POINT('Ctrl Pts',(36.4495066198303,-89.6741663610767,6.64999999999993));
#2043=CARTESIAN_POINT('Ctrl Pts',(33.7135120407307,-99.196390091869,6.64999999999992));
#2044=CARTESIAN_POINT('Ctrl Pts',(31.7577733203056,-105.47232502574,6.64999999999992));
#2045=CARTESIAN_POINT('Ctrl Pts',(28.7950186293975,-113.206218349642,6.64999999999991));
#2046=CARTESIAN_POINT('Ctrl Pts',(24.0631702424066,-120.528181221048,6.6499999999999));
#2047=CARTESIAN_POINT('Ctrl Pts',(20.8417894588497,-123.473701034557,6.6499999999999));
#2048=CARTESIAN_POINT('Ctrl Pts',(18.6103703308089,-124.587600999268,6.6499999999999));
#2049=CARTESIAN_POINT('Ctrl Pts',(17.3675595520532,-124.77543235658,6.6499999999999));
#2050=CARTESIAN_POINT('Ctrl Pts',(16.75,-124.743536274721,6.6499999999999));
#2051=CARTESIAN_POINT('Origin',(42.3802,-11.65,-30.85));
#2052=CARTESIAN_POINT('',(42.3802,-8.15,-30.85));
#2053=CARTESIAN_POINT('',(45.8801999999999,-11.65,-39.85));
#2054=CARTESIAN_POINT('',(45.8801999999999,-11.65,-30.85));
#2055=CARTESIAN_POINT('Origin',(42.3801999999999,-11.65,-39.85));
#2056=CARTESIAN_POINT('Ctrl Pts',(45.8802,-28.25,-39.85));
#2057=CARTESIAN_POINT('Ctrl Pts',(45.8802,-33.2472238470826,-39.85));
#2058=CARTESIAN_POINT('Ctrl Pts',(45.54883018578,-48.2971793554872,-39.85));
#2059=CARTESIAN_POINT('Ctrl Pts',(43.5235518634533,-71.4247679395144,-39.8499999999999));
#2060=CARTESIAN_POINT('Ctrl Pts',(39.8722268576665,-90.4325620589688,-39.85));
#2061=CARTESIAN_POINT('Ctrl Pts',(37.0673222520742,-100.198144536284,-39.85));
#2062=CARTESIAN_POINT('Ctrl Pts',(35.0529752993431,-106.657255539665,-39.8499999999999));
#2063=CARTESIAN_POINT('Ctrl Pts',(31.9992791864896,-114.672930770551,-39.8499999999999));
#2064=CARTESIAN_POINT('Ctrl Pts',(26.8698588890569,-122.67414257819,-39.8499999999999));
#2065=CARTESIAN_POINT('Ctrl Pts',(22.9819180539601,-126.303497864183,-39.8499999999999));
#2066=CARTESIAN_POINT('Ctrl Pts',(20.1686267898927,-127.741385084009,-39.8499999999999));
#2067=CARTESIAN_POINT('Ctrl Pts',(18.1763405498136,-128.216830273865,-39.8499999999999));
#2068=CARTESIAN_POINT('Ctrl Pts',(17.1001137746138,-128.266284309423,-39.8499999999999));
#2069=CARTESIAN_POINT('Ctrl Pts',(16.5694705528062,-128.238877333716,-39.8499999999999));
#2070=CARTESIAN_POINT('Ctrl Pts',(45.8802,-28.25,-40.8971975511966));
#2071=CARTESIAN_POINT('Ctrl Pts',(45.8802,-33.2473718151688,-40.8971975511966));
#2072=CARTESIAN_POINT('Ctrl Pts',(45.5488777528429,-48.2969664479533,-40.8971975511966));
#2073=CARTESIAN_POINT('Ctrl Pts',(43.5234788876203,-71.4249802257524,-40.8971975511966));
#2074=CARTESIAN_POINT('Ctrl Pts',(39.8723507145922,-90.4322557162736,-40.8971975511966));
#2075=CARTESIAN_POINT('Ctrl Pts',(37.0673710380668,-100.198105113338,-40.8971975511966));
#2076=CARTESIAN_POINT('Ctrl Pts',(35.0533525410501,-106.657144853369,-40.8971975511965));
#2077=CARTESIAN_POINT('Ctrl Pts',(31.9991400286937,-114.672746922108,-40.8971975511965));
#2078=CARTESIAN_POINT('Ctrl Pts',(26.8731616078139,-122.67268706545,-40.8971975511965));
#2079=CARTESIAN_POINT('Ctrl Pts',(22.9864398316496,-126.302332672055,-40.8971975511965));
#2080=CARTESIAN_POINT('Ctrl Pts',(20.1721144773111,-127.741032387413,-40.8971975511965));
#2081=CARTESIAN_POINT('Ctrl Pts',(18.1779145989518,-128.216914917089,-40.8971975511965));
#2082=CARTESIAN_POINT('Ctrl Pts',(17.1007636944218,-128.266317876866,-40.8971975511965));
#2083=CARTESIAN_POINT('Ctrl Pts',(16.5694705528062,-128.238877333716,-40.8971975511965));
#2084=CARTESIAN_POINT('Ctrl Pts',(45.0011942959876,-28.25,-42.7100849477058));
#2085=CARTESIAN_POINT('Ctrl Pts',(45.0011942959876,-33.2345187447065,-42.7100849477058));
#2086=CARTESIAN_POINT('Ctrl Pts',(44.6705868487058,-48.2463454198909,-42.7100849477058));
#2087=CARTESIAN_POINT('Ctrl Pts',(42.6508331248507,-71.3096854650925,-42.7100849477058));
#2088=CARTESIAN_POINT('Ctrl Pts',(39.0126276090377,-90.2421797229206,-42.7100849477058));
#2089=CARTESIAN_POINT('Ctrl Pts',(36.2250055219155,-99.9465149970324,-42.7100849477058));
#2090=CARTESIAN_POINT('Ctrl Pts',(34.2253496227097,-106.359674119672,-42.7100849477058));
#2091=CARTESIAN_POINT('Ctrl Pts',(31.1946330471305,-114.304767031332,-42.7100849477058));
#2092=CARTESIAN_POINT('Ctrl Pts',(26.1644898395745,-122.135313116126,-42.7100849477058));
#2093=CARTESIAN_POINT('Ctrl Pts',(22.443962789312,-125.593348338119,-42.7100849477058));
#2094=CARTESIAN_POINT('Ctrl Pts',(19.8467664117563,-126.914309941249,-42.7100849477058));
#2095=CARTESIAN_POINT('Ctrl Pts',(18.0513200836123,-127.341459472588,-42.7100849477058));
#2096=CARTESIAN_POINT('Ctrl Pts',(17.0896481646271,-127.38556644445,-42.7100849477058));
#2097=CARTESIAN_POINT('Ctrl Pts',(16.6148095281849,-127.361041697052,-42.7100849477058));
#2098=CARTESIAN_POINT('Ctrl Pts',(43.1655981633974,-28.25,-43.35));
#2099=CARTESIAN_POINT('Ctrl Pts',(43.1655981633974,-33.2080089609489,-43.35));
#2100=CARTESIAN_POINT('Ctrl Pts',(42.8365897562322,-48.1401593270063,-43.35));
#2101=CARTESIAN_POINT('Ctrl Pts',(40.828355072427,-71.0693941691156,-43.35));
#2102=CARTESIAN_POINT('Ctrl Pts',(37.217575552176,-89.8445659204308,-43.3499999999999));
#2103=CARTESIAN_POINT('Ctrl Pts',(34.4660328558565,-99.4210402263964,-43.3499999999999));
#2104=CARTESIAN_POINT('Ctrl Pts',(32.4971042075894,-105.738229170175,-43.3499999999999));
#2105=CARTESIAN_POINT('Ctrl Pts',(29.5142988034834,-113.535916760271,-43.3499999999999));
#2106=CARTESIAN_POINT('Ctrl Pts',(24.6919800931275,-121.009880146778,-43.3499999999999));
#2107=CARTESIAN_POINT('Ctrl Pts',(21.3212370757293,-124.110196639194,-43.3499999999999));
#2108=CARTESIAN_POINT('Ctrl Pts',(19.1751513738378,-125.187106514263,-43.3499999999999));
#2109=CARTESIAN_POINT('Ctrl Pts',(17.790476506784,-125.513466462795,-43.3499999999999));
#2110=CARTESIAN_POINT('Ctrl Pts',(17.0678890747255,-125.546399818923,-43.3499999999999));
#2111=CARTESIAN_POINT('Ctrl Pts',(16.7094892867814,-125.527888974202,-43.3499999999999));
#2112=CARTESIAN_POINT('Ctrl Pts',(42.3802,-28.25,-43.35));
#2113=CARTESIAN_POINT('Ctrl Pts',(42.3802,-33.1967119084363,-43.35));
#2114=CARTESIAN_POINT('Ctrl Pts',(42.0518904706673,-48.0946596137478,-43.35));
#2115=CARTESIAN_POINT('Ctrl Pts',(40.0485472090065,-70.9666460993445,-43.35));
#2116=CARTESIAN_POINT('Ctrl Pts',(36.4495632824898,-89.6743439063747,-43.3499999999999));
#2117=CARTESIAN_POINT('Ctrl Pts',(33.7134347154721,-99.1961926859376,-43.3499999999999));
#2118=CARTESIAN_POINT('Ctrl Pts',(31.7577548349016,-105.472296767518,-43.3499999999999));
#2119=CARTESIAN_POINT('Ctrl Pts',(28.7952896931101,-113.206891308179,-43.3499999999999));
#2120=CARTESIAN_POINT('Ctrl Pts',(24.0629563509446,-120.527890474894,-43.3499999999999));
#2121=CARTESIAN_POINT('Ctrl Pts',(20.8422523506573,-123.475239223723,-43.3499999999999));
#2122=CARTESIAN_POINT('Ctrl Pts',(18.8888643120175,-124.447977474894,-43.3499999999999));
#2123=CARTESIAN_POINT('Ctrl Pts',(17.6793554096301,-124.731347603574,-43.3499999999999));
#2124=CARTESIAN_POINT('Ctrl Pts',(17.0587797760266,-124.759484315651,-43.3499999999999));
#2125=CARTESIAN_POINT('Ctrl Pts',(16.75,-124.743536274721,-43.3499999999999));
#2126=CARTESIAN_POINT('',(45.8802,-28.25,-39.85));
#2127=CARTESIAN_POINT('Origin',(42.3802,-28.25,-39.85));
#2128=CARTESIAN_POINT('Ctrl Pts',(45.8802,-28.25,-39.85));
#2129=CARTESIAN_POINT('Ctrl Pts',(45.8802,-33.2472238470826,-39.85));
#2130=CARTESIAN_POINT('Ctrl Pts',(45.54883018578,-48.2971793554872,-39.85));
#2131=CARTESIAN_POINT('Ctrl Pts',(43.5235518634533,-71.4247679395144,-39.8499999999999));
#2132=CARTESIAN_POINT('Ctrl Pts',(39.8722268576665,-90.4325620589688,-39.85));
#2133=CARTESIAN_POINT('Ctrl Pts',(37.0673222520742,-100.198144536284,-39.85));
#2134=CARTESIAN_POINT('Ctrl Pts',(35.0529752993431,-106.657255539665,-39.8499999999999));
#2135=CARTESIAN_POINT('Ctrl Pts',(31.9992791864896,-114.672930770551,-39.8499999999999));
#2136=CARTESIAN_POINT('Ctrl Pts',(26.8698588890569,-122.67414257819,-39.8499999999999));
#2137=CARTESIAN_POINT('Ctrl Pts',(22.9819180539601,-126.303497864183,-39.8499999999999));
#2138=CARTESIAN_POINT('Ctrl Pts',(20.1686267898927,-127.741385084009,-39.8499999999999));
#2139=CARTESIAN_POINT('Ctrl Pts',(18.2327463949615,-128.203369413063,-39.8499999999999));
#2140=CARTESIAN_POINT('Ctrl Pts',(17.2217380442444,-128.260080068962,-39.8499999999999));
#2141=CARTESIAN_POINT('Ctrl Pts',(16.7500016518889,-128.246190198305,-39.8499999999999));
#2142=CARTESIAN_POINT('Origin',(42.3801999999999,-21.725,-39.85));
#2143=CARTESIAN_POINT('',(45.8801999999999,-21.725,-39.85));
#2144=CARTESIAN_POINT('Origin',(-7.89180000000002,-8.15,6.65000000000001));
#2145=CARTESIAN_POINT('',(16.75,-8.15,6.65000000000001));
#2146=CARTESIAN_POINT('',(-7.89180000000002,-8.15,6.65000000000001));
#2147=CARTESIAN_POINT('',(16.75,-34.8767386952739,6.64999999999995));
#2148=CARTESIAN_POINT('',(16.75,-38.175,6.64999999999998));
#2149=CARTESIAN_POINT('Origin',(16.75,-54.8767386952739,6.65000000000001));
#2150=CARTESIAN_POINT('Origin',(-7.89180000000002,-8.15,-43.35));
#2151=CARTESIAN_POINT('',(41.8922,-8.15,2.65000000000001));
#2152=CARTESIAN_POINT('',(41.8922,-8.15,-30.85));
#2153=CARTESIAN_POINT('',(16.75,-8.15,2.65000000000002));
#2154=CARTESIAN_POINT('',(16.7502,-8.15,2.65000000000002));
#2155=CARTESIAN_POINT('',(16.75,-8.15,-30.85));
#2156=CARTESIAN_POINT('Origin',(45.8802,-20.009316056419,-20.4684639282774));
#2157=CARTESIAN_POINT('',(41.8922,-21.95912879556,-21.1014965358762));
#2158=CARTESIAN_POINT('',(41.8922,-18.0502767614379,-21.0723389490558));
#2159=CARTESIAN_POINT('Origin',(41.8922,-20.009316056419,-20.4684639282774));
#2160=CARTESIAN_POINT('',(45.8802,-21.95912879556,-21.1014965358762));
#2161=CARTESIAN_POINT('',(45.8802,-21.95912879556,-21.1014965358762));
#2162=CARTESIAN_POINT('',(45.8802,-18.0502767614379,-21.0723389490558));
#2163=CARTESIAN_POINT('Origin',(45.8802,-20.009316056419,-20.4684639282774));
#2164=CARTESIAN_POINT('',(45.8802,-18.0502767614379,-21.0723389490558));
#2165=CARTESIAN_POINT('Origin',(45.8802,-20.0489844145297,-15.1505429615641));
#2166=CARTESIAN_POINT('Origin',(41.8922,-20.0489844145297,-15.1505429615641));
#2167=CARTESIAN_POINT('Origin',(45.8802,-20.0489844145297,-15.1505429615641));
#2168=CARTESIAN_POINT('Origin',(16.75,-119.157390154694,3.74264739494284));
#2169=CARTESIAN_POINT('',(13.75,-119.157390154694,5.55735260506128));
#2170=CARTESIAN_POINT('',(16.75,-119.157390154694,5.55735260506128));
#2171=CARTESIAN_POINT('',(13.75,-119.157390154694,3.74264739494284));
#2172=CARTESIAN_POINT('',(13.75,-119.157390154694,3.74264739494284));
#2173=CARTESIAN_POINT('',(16.75,-119.157390154694,3.74264739494284));
#2174=CARTESIAN_POINT('Origin',(16.75,-109.752524039158,3.74264739494253));
#2175=CARTESIAN_POINT('',(13.75,-109.752524039158,3.74264739494253));
#2176=CARTESIAN_POINT('',(13.75,-109.752524039158,3.74264739494253));
#2177=CARTESIAN_POINT('',(16.75,-109.752524039158,3.74264739494253));
#2178=CARTESIAN_POINT('Origin',(16.75,-109.752524039158,5.55735260506097));
#2179=CARTESIAN_POINT('',(13.75,-109.752524039158,5.55735260506097));
#2180=CARTESIAN_POINT('',(13.75,-109.752524039158,5.55735260506097));
#2181=CARTESIAN_POINT('',(16.75,-109.752524039158,5.55735260506097));
#2182=CARTESIAN_POINT('Origin',(16.75,-119.157390154694,5.55735260506128));
#2183=CARTESIAN_POINT('',(13.75,-119.157390154694,5.55735260506128));
#2184=CARTESIAN_POINT('Origin',(13.75,-114.454957096926,4.6500000000019));
#2185=CARTESIAN_POINT('Origin',(16.75,-19.157390154695,-40.4426473949408));
#2186=CARTESIAN_POINT('',(13.75,-9.75252403915847,-40.4426473949408));
#2187=CARTESIAN_POINT('',(16.75,-9.75252403915847,-40.4426473949408));
#2188=CARTESIAN_POINT('',(13.75,-19.157390154695,-40.4426473949408));
#2189=CARTESIAN_POINT('',(13.75,-9.75252403915847,-40.4426473949408));
#2190=CARTESIAN_POINT('',(16.75,-19.157390154695,-40.4426473949408));
#2191=CARTESIAN_POINT('Origin',(16.75,-19.157390154695,-42.2573526050592));
#2192=CARTESIAN_POINT('',(13.75,-19.157390154695,-42.2573526050592));
#2193=CARTESIAN_POINT('',(13.75,-19.157390154695,-40.4426473949408));
#2194=CARTESIAN_POINT('',(16.75,-19.157390154695,-42.2573526050592));
#2195=CARTESIAN_POINT('Origin',(16.75,-9.75252403915847,-42.2573526050592));
#2196=CARTESIAN_POINT('',(13.75,-9.75252403915847,-42.2573526050592));
#2197=CARTESIAN_POINT('',(13.75,-19.157390154695,-42.2573526050592));
#2198=CARTESIAN_POINT('',(16.75,-9.75252403915847,-42.2573526050592));
#2199=CARTESIAN_POINT('Origin',(16.75,-9.75252403915847,-40.4426473949408));
#2200=CARTESIAN_POINT('',(13.75,-9.75252403915847,-42.2573526050592));
#2201=CARTESIAN_POINT('Origin',(13.75,-14.4549570969267,-41.35));
#2202=CARTESIAN_POINT('Origin',(16.75,-119.157390154695,-42.2573526050576));
#2203=CARTESIAN_POINT('',(13.75,-119.157390154695,-40.4426473949391));
#2204=CARTESIAN_POINT('',(16.75,-119.157390154695,-40.4426473949391));
#2205=CARTESIAN_POINT('',(13.75,-119.157390154695,-42.2573526050576));
#2206=CARTESIAN_POINT('',(13.75,-119.157390154695,-40.4426473949391));
#2207=CARTESIAN_POINT('',(16.75,-119.157390154695,-42.2573526050576));
#2208=CARTESIAN_POINT('Origin',(16.75,-109.752524039158,-42.2573526050576));
#2209=CARTESIAN_POINT('',(13.75,-109.752524039158,-42.2573526050576));
#2210=CARTESIAN_POINT('',(13.75,-119.157390154695,-42.2573526050576));
#2211=CARTESIAN_POINT('',(16.75,-109.752524039158,-42.2573526050576));
#2212=CARTESIAN_POINT('Origin',(16.75,-109.752524039158,-40.4426473949391));
#2213=CARTESIAN_POINT('',(13.75,-109.752524039158,-40.4426473949391));
#2214=CARTESIAN_POINT('',(13.75,-109.752524039158,-42.2573526050576));
#2215=CARTESIAN_POINT('',(16.75,-109.752524039158,-40.4426473949391));
#2216=CARTESIAN_POINT('Origin',(16.75,-119.157390154695,-40.4426473949391));
#2217=CARTESIAN_POINT('',(13.75,-109.752524039158,-40.4426473949391));
#2218=CARTESIAN_POINT('Origin',(13.75,-114.454957096927,-41.3499999999984));
#2219=CARTESIAN_POINT('Origin',(16.75,-69.157390154695,-42.2573526050584));
#2220=CARTESIAN_POINT('',(13.75,-69.157390154695,-40.44264739494));
#2221=CARTESIAN_POINT('',(16.75,-69.157390154695,-40.44264739494));
#2222=CARTESIAN_POINT('',(13.75,-69.157390154695,-42.2573526050584));
#2223=CARTESIAN_POINT('',(13.75,-69.157390154695,-40.44264739494));
#2224=CARTESIAN_POINT('',(16.75,-69.157390154695,-42.2573526050584));
#2225=CARTESIAN_POINT('Origin',(16.75,-59.7525240391585,-42.2573526050584));
#2226=CARTESIAN_POINT('',(13.75,-59.7525240391585,-42.2573526050584));
#2227=CARTESIAN_POINT('',(13.75,-69.157390154695,-42.2573526050584));
#2228=CARTESIAN_POINT('',(16.75,-59.7525240391585,-42.2573526050584));
#2229=CARTESIAN_POINT('Origin',(16.75,-59.7525240391585,-40.44264739494));
#2230=CARTESIAN_POINT('',(13.75,-59.7525240391585,-40.44264739494));
#2231=CARTESIAN_POINT('',(13.75,-59.7525240391585,-42.2573526050584));
#2232=CARTESIAN_POINT('',(16.75,-59.7525240391585,-40.44264739494));
#2233=CARTESIAN_POINT('Origin',(16.75,-69.157390154695,-40.44264739494));
#2234=CARTESIAN_POINT('',(13.75,-59.7525240391585,-40.44264739494));
#2235=CARTESIAN_POINT('Origin',(13.75,-64.4549570969267,-41.3499999999992));
#2236=CARTESIAN_POINT('Origin',(16.75,-9.75252403915775,3.74264739494087));
#2237=CARTESIAN_POINT('',(16.75,-19.1573901546942,3.74264739494118));
#2238=CARTESIAN_POINT('',(16.75,-9.75252403915775,3.74264739494087));
#2239=CARTESIAN_POINT('',(16.75,-38.9762620195785,3.74264739494183));
#2240=CARTESIAN_POINT('',(13.75,-19.1573901546942,3.74264739494118));
#2241=CARTESIAN_POINT('',(16.75,-19.1573901546942,3.74264739494118));
#2242=CARTESIAN_POINT('',(13.75,-9.75252403915775,3.74264739494087));
#2243=CARTESIAN_POINT('',(13.75,-9.75252403915775,3.74264739494087));
#2244=CARTESIAN_POINT('',(16.75,-9.75252403915775,3.74264739494087));
#2245=CARTESIAN_POINT('Origin',(16.75,-9.75252403915769,5.55735260505931));
#2246=CARTESIAN_POINT('',(16.75,-9.75252403915769,5.55735260505931));
#2247=CARTESIAN_POINT('',(16.75,-9.75252403915808,-6.39632369747131));
#2248=CARTESIAN_POINT('',(13.75,-9.75252403915769,5.55735260505931));
#2249=CARTESIAN_POINT('',(13.75,-9.75252403915769,5.55735260505931));
#2250=CARTESIAN_POINT('',(16.75,-9.75252403915769,5.55735260505931));
#2251=CARTESIAN_POINT('Origin',(16.75,-19.1573901546942,5.55735260505962));
#2252=CARTESIAN_POINT('',(16.75,-19.1573901546942,5.55735260505962));
#2253=CARTESIAN_POINT('',(16.75,-43.6786950773467,5.55735260506043));
#2254=CARTESIAN_POINT('',(13.75,-19.1573901546942,5.55735260505962));
#2255=CARTESIAN_POINT('',(13.75,-19.1573901546942,5.55735260505962));
#2256=CARTESIAN_POINT('',(16.75,-19.1573901546942,5.55735260505962));
#2257=CARTESIAN_POINT('Origin',(16.75,-19.1573901546942,3.74264739494118));
#2258=CARTESIAN_POINT('',(16.75,-19.1573901546946,-7.30367630253025));
#2259=CARTESIAN_POINT('',(13.75,-19.1573901546942,3.74264739494118));
#2260=CARTESIAN_POINT('Origin',(13.75,-14.454957096926,4.65000000000024));
#2261=CARTESIAN_POINT('Origin',(16.75,-54.8767386952739,6.64999999999995));
#2262=CARTESIAN_POINT('',(16.75,-34.8767386952739,2.64999999999995));
#2263=CARTESIAN_POINT('',(16.75,-34.8767386952739,6.64999999999995));
#2264=CARTESIAN_POINT('Origin',(16.75,-54.8767386952739,2.65));
#2265=CARTESIAN_POINT('Origin',(-7.89180000000002,-26.25,2.65));
#2266=CARTESIAN_POINT('',(16.75,-73.225,2.65));
#2267=CARTESIAN_POINT('',(41.8922,-28.25,2.65));
#2268=CARTESIAN_POINT('',(41.8922,-22.25,2.65));
#2269=CARTESIAN_POINT('',(-7.89180000000002,-28.25,2.65));
#2270=CARTESIAN_POINT('Origin',(16.75,-68.2,-18.35));
#2271=CARTESIAN_POINT('Ctrl Pts',(45.8802,-28.25,3.14999999999999));
#2272=CARTESIAN_POINT('Ctrl Pts',(45.8802,-69.9253338215447,3.14999999999999));
#2273=CARTESIAN_POINT('Ctrl Pts',(37.3327923489577,-99.2663162869256,3.14999999999999));
#2274=CARTESIAN_POINT('Ctrl Pts',(28.7853846979154,-128.607298752306,3.14999999999999));
#2275=CARTESIAN_POINT('Ctrl Pts',(16.7499999743001,-128.246247173595,3.14999999999999));
#2276=CARTESIAN_POINT('Ctrl Pts',(45.8802,-28.25,-39.85));
#2277=CARTESIAN_POINT('Ctrl Pts',(45.8802,-69.9253338215447,-39.85));
#2278=CARTESIAN_POINT('Ctrl Pts',(37.3327923489577,-99.2663162869256,-39.85));
#2279=CARTESIAN_POINT('Ctrl Pts',(28.7853846979154,-128.607298752306,-39.85));
#2280=CARTESIAN_POINT('Ctrl Pts',(16.7499999743001,-128.246247173595,-39.85));
#2281=CARTESIAN_POINT('',(45.8802,-28.25,-31.2));
#2282=CARTESIAN_POINT('Origin',(-11.8798,-28.25,6.65));
#2283=CARTESIAN_POINT('',(41.8922,-28.25,-5.85));
#2284=CARTESIAN_POINT('Origin',(41.8922,-17.2,-18.35));
#2285=CARTESIAN_POINT('Origin',(45.8802,-17.2,-18.35));
#2286=UNCERTAINTY_MEASURE_WITH_UNIT(LENGTH_MEASURE(0.01),#2290,
'DISTANCE_ACCURACY_VALUE',
'Maximum model space distance between geometric entities at asserted c
onnectivities');
#2287=UNCERTAINTY_MEASURE_WITH_UNIT(LENGTH_MEASURE(0.01),#2290,
'DISTANCE_ACCURACY_VALUE',
'Maximum model space distance between geometric entities at asserted c
onnectivities');
#2288=(
GEOMETRIC_REPRESENTATION_CONTEXT(3)
GLOBAL_UNCERTAINTY_ASSIGNED_CONTEXT((#2286))
GLOBAL_UNIT_ASSIGNED_CONTEXT((#2290,#2292,#2293))
REPRESENTATION_CONTEXT('','3D')
);
#2289=(
GEOMETRIC_REPRESENTATION_CONTEXT(3)
GLOBAL_UNCERTAINTY_ASSIGNED_CONTEXT((#2287))
GLOBAL_UNIT_ASSIGNED_CONTEXT((#2290,#2292,#2293))
REPRESENTATION_CONTEXT('','3D')
);
#2290=(
LENGTH_UNIT()
NAMED_UNIT(*)
SI_UNIT(.MILLI.,.METRE.)
);
#2291=(
LENGTH_UNIT()
NAMED_UNIT(*)
SI_UNIT($,.METRE.)
);
#2292=(
NAMED_UNIT(*)
PLANE_ANGLE_UNIT()
SI_UNIT($,.RADIAN.)
);
#2293=(
NAMED_UNIT(*)
SI_UNIT($,.STERADIAN.)
SOLID_ANGLE_UNIT()
);
#2294=SHAPE_DEFINITION_REPRESENTATION(#2295,#2296);
#2295=PRODUCT_DEFINITION_SHAPE('',$,#2298);
#2296=SHAPE_REPRESENTATION('',(#1252),#2288);
#2297=PRODUCT_DEFINITION_CONTEXT('part definition',#2302,'design');
#2298=PRODUCT_DEFINITION('leftbody','leftbody',#2299,#2297);
#2299=PRODUCT_DEFINITION_FORMATION('',$,#2304);
#2300=PRODUCT_RELATED_PRODUCT_CATEGORY('leftbody','leftbody',(#2304));
#2301=APPLICATION_PROTOCOL_DEFINITION('international standard',
'automotive_design',2009,#2302);
#2302=APPLICATION_CONTEXT(
'Core Data for Automotive Mechanical Design Process');
#2303=PRODUCT_CONTEXT('part definition',#2302,'mechanical');
#2304=PRODUCT('leftbody','leftbody',$,(#2303));
#2305=PRESENTATION_STYLE_ASSIGNMENT((#2306));
#2306=SURFACE_STYLE_USAGE(.BOTH.,#2307);
#2307=SURFACE_SIDE_STYLE('',(#2308));
#2308=SURFACE_STYLE_FILL_AREA(#2309);
#2309=FILL_AREA_STYLE('Steel - Satin',(#2310));
#2310=FILL_AREA_STYLE_COLOUR('Steel - Satin',#2311);
#2311=COLOUR_RGB('Steel - Satin',0.627450980392157,0.627450980392157,0.627450980392157);
ENDSEC;
END-ISO-10303-21;
