ISO-10303-21;
HEADER;
/* Generated by software containing ST-Developer
 * from STEP Tools, Inc. (www.steptools.com) 
 */

FILE_DESCRIPTION(
/* description */ (''),
/* implementation_level */ '2;1');

FILE_NAME(
/* name */ 'rightbody.step',
/* time_stamp */ '2026-04-12T13:01:01+05:30',
/* author */ (''),
/* organization */ (''),
/* preprocessor_version */ 'ST-DEVELOPER v20.1',
/* originating_system */ 'Autodesk Translation Framework v14.24.0.0',
/* authorisation */ '');

FILE_SCHEMA (('AUTOMOTIVE_DESIGN { 1 0 10303 214 3 1 1 }'));
ENDSEC;

DATA;
#10=MECHANICAL_DESIGN_GEOMETRIC_PRESENTATION_REPRESENTATION('',(#17,#18,
#19,#20,#21),#2825);
#11=SHAPE_REPRESENTATION_RELATIONSHIP('SRR','None',#2835,#12);
#12=ADVANCED_BREP_SHAPE_REPRESENTATION('',(#22,#23,#24,#25,#26),#2823);
#13=ITEM_DEFINED_TRANSFORMATION($,$,#1561,#1677);
#14=(
REPRESENTATION_RELATIONSHIP($,$,#2836,#2835)
REPRESENTATION_RELATIONSHIP_WITH_TRANSFORMATION(#13)
SHAPE_REPRESENTATION_RELATIONSHIP()
);
#15=CONTEXT_DEPENDENT_SHAPE_REPRESENTATION(#14,#2834);
#16=NEXT_ASSEMBLY_USAGE_OCCURRENCE('Component2:1','Component2:1',
'Component2:1',#2838,#2839,'Component2:1');
#17=STYLED_ITEM('',(#2849),#22);
#18=STYLED_ITEM('',(#2849),#23);
#19=STYLED_ITEM('',(#2849),#24);
#20=STYLED_ITEM('',(#2849),#25);
#21=STYLED_ITEM('',(#2849),#26);
#22=MANIFOLD_SOLID_BREP('rightbody',#1543);
#23=MANIFOLD_SOLID_BREP('rightbody',#1544);
#24=MANIFOLD_SOLID_BREP('rightbody',#1545);
#25=MANIFOLD_SOLID_BREP('rightbody',#1546);
#26=MANIFOLD_SOLID_BREP('rightbody',#1547);
#27=(
BOUNDED_SURFACE()
B_SPLINE_SURFACE(1,2,((#2731,#2732,#2733),(#2734,#2735,#2736)),
 .UNSPECIFIED.,.F.,.F.,.F.)
B_SPLINE_SURFACE_WITH_KNOTS((2,2),(3,3),(0.035,0.465),(-3.13292911031089,
-1.5707963267949),.UNSPECIFIED.)
GEOMETRIC_REPRESENTATION_ITEM()
RATIONAL_B_SPLINE_SURFACE(((1.,0.710163162555879,1.),(1.,0.710163162555879,
1.)))
REPRESENTATION_ITEM('')
SURFACE()
);
#28=ELLIPSE('',#1598,4.94974746830583,3.5);
#29=ELLIPSE('',#1600,4.94974746830578,3.5);
#30=FACE_BOUND('',#193,.T.);
#31=FACE_BOUND('',#195,.T.);
#32=FACE_BOUND('',#196,.T.);
#33=FACE_BOUND('',#203,.T.);
#34=FACE_BOUND('',#204,.T.);
#35=FACE_BOUND('',#213,.T.);
#36=FACE_BOUND('',#244,.T.);
#37=FACE_BOUND('',#246,.T.);
#38=FACE_BOUND('',#250,.T.);
#39=FACE_BOUND('',#251,.T.);
#40=CYLINDRICAL_SURFACE('',#1578,1.54999999999999);
#41=CYLINDRICAL_SURFACE('',#1581,1.55);
#42=CYLINDRICAL_SURFACE('',#1593,5.);
#43=CYLINDRICAL_SURFACE('',#1597,3.5);
#44=CYLINDRICAL_SURFACE('',#1599,3.5);
#45=CYLINDRICAL_SURFACE('',#1602,3.5);
#46=CYLINDRICAL_SURFACE('',#1606,2.05);
#47=CYLINDRICAL_SURFACE('',#1608,6.25);
#48=CYLINDRICAL_SURFACE('',#1635,20.);
#49=CYLINDRICAL_SURFACE('',#1650,20.);
#50=CYLINDRICAL_SURFACE('',#1661,20.0000000000015);
#51=CYLINDRICAL_SURFACE('',#1663,20.);
#52=CYLINDRICAL_SURFACE('',#1676,20.);
#53=B_SPLINE_SURFACE_WITH_KNOTS('',1,3,((#2168,#2169,#2170,#2171,#2172,
#2173,#2174),(#2175,#2176,#2177,#2178,#2179,#2180,#2181)),.UNSPECIFIED.,
 .F.,.F.,.F.,(2,2),(4,1,1,1,4),(0.0399999999999999,0.46),(3.15821737570278,
3.25038108938183,3.34254480306088,3.52687223041898,3.80336337145613),
 .UNSPECIFIED.);
#54=B_SPLINE_SURFACE_WITH_KNOTS('',1,3,((#2202,#2203,#2204,#2205,#2206),
(#2207,#2208,#2209,#2210,#2211)),.UNSPECIFIED.,.F.,.F.,.F.,(2,2),(4,1,4),
(0.0399999999999999,0.46),(3.8126615075476,4.19825899590635,4.71238898038469),
 .UNSPECIFIED.);
#55=B_SPLINE_SURFACE_WITH_KNOTS('',3,3,((#2390,#2391,#2392,#2393,#2394,
#2395,#2396,#2397,#2398,#2399,#2400,#2401,#2402,#2403),(#2404,#2405,#2406,
#2407,#2408,#2409,#2410,#2411,#2412,#2413,#2414,#2415,#2416,#2417),(#2418,
#2419,#2420,#2421,#2422,#2423,#2424,#2425,#2426,#2427,#2428,#2429,#2430,
#2431),(#2432,#2433,#2434,#2435,#2436,#2437,#2438,#2439,#2440,#2441,#2442,
#2443,#2444,#2445),(#2446,#2447,#2448,#2449,#2450,#2451,#2452,#2453,#2454,
#2455,#2456,#2457,#2458,#2459)),.UNSPECIFIED.,.F.,.F.,.F.,(4,1,4),(4,1,
1,1,1,1,1,1,1,1,1,4),(0.,0.571428571428571,1.),(0.360307046548136,0.545102525794102,
0.729898005040068,1.099488963532,1.83867088051586,3.31703471448359,3.56342868681155,
3.8098226591395,6.27376238241904,7.75212621638677,9.2304900503545,10.7088538843222),
 .UNSPECIFIED.);
#56=B_SPLINE_SURFACE_WITH_KNOTS('',3,3,((#2500,#2501,#2502,#2503,#2504,
#2505,#2506,#2507,#2508,#2509,#2510,#2511,#2512,#2513,#2514),(#2515,#2516,
#2517,#2518,#2519,#2520,#2521,#2522,#2523,#2524,#2525,#2526,#2527,#2528,
#2529),(#2530,#2531,#2532,#2533,#2534,#2535,#2536,#2537,#2538,#2539,#2540,
#2541,#2542,#2543,#2544),(#2545,#2546,#2547,#2548,#2549,#2550,#2551,#2552,
#2553,#2554,#2555,#2556,#2557,#2558,#2559),(#2560,#2561,#2562,#2563,#2564,
#2565,#2566,#2567,#2568,#2569,#2570,#2571,#2572,#2573,#2574)),
 .UNSPECIFIED.,.F.,.F.,.F.,(4,1,4),(4,1,1,1,1,1,1,1,1,1,1,1,4),(0.,0.571428571428571,
1.),(0.360307046548149,0.452704786171132,0.545102525794114,0.72989800504008,
1.09948896353201,1.83867088051587,2.57785279749974,3.3170347144836,4.79539854845133,
7.01294429940291,7.75212621638678,9.2304900503545,10.7088538843222),
 .UNSPECIFIED.);
#57=CIRCLE('',#1570,20.);
#58=CIRCLE('',#1571,20.);
#59=CIRCLE('',#1572,20.);
#60=CIRCLE('',#1575,1.54999999999999);
#61=CIRCLE('',#1576,1.55);
#62=CIRCLE('',#1579,1.54999999999999);
#63=CIRCLE('',#1582,1.55);
#64=CIRCLE('',#1585,5.);
#65=CIRCLE('',#1594,5.);
#66=CIRCLE('',#1596,3.5);
#67=CIRCLE('',#1601,3.5);
#68=CIRCLE('',#1604,6.25);
#69=CIRCLE('',#1605,2.05);
#70=CIRCLE('',#1607,2.05);
#71=CIRCLE('',#1609,6.25);
#72=CIRCLE('',#1636,20.);
#73=CIRCLE('',#1637,20.);
#74=CIRCLE('',#1638,20.);
#75=CIRCLE('',#1651,20.);
#76=CIRCLE('',#1652,20.);
#77=CIRCLE('',#1653,20.);
#78=CIRCLE('',#1657,20.);
#79=CIRCLE('',#1658,20.0000000000015);
#80=CIRCLE('',#1660,20.0000000000015);
#81=CIRCLE('',#1664,20.);
#82=CIRCLE('',#1665,20.);
#83=CIRCLE('',#1666,20.);
#84=CIRCLE('',#1671,20.);
#85=CIRCLE('',#1672,20.);
#86=CIRCLE('',#1674,20.);
#87=FACE_OUTER_BOUND('',#175,.T.);
#88=FACE_OUTER_BOUND('',#176,.T.);
#89=FACE_OUTER_BOUND('',#177,.T.);
#90=FACE_OUTER_BOUND('',#178,.T.);
#91=FACE_OUTER_BOUND('',#179,.T.);
#92=FACE_OUTER_BOUND('',#180,.T.);
#93=FACE_OUTER_BOUND('',#181,.T.);
#94=FACE_OUTER_BOUND('',#182,.T.);
#95=FACE_OUTER_BOUND('',#183,.T.);
#96=FACE_OUTER_BOUND('',#184,.T.);
#97=FACE_OUTER_BOUND('',#185,.T.);
#98=FACE_OUTER_BOUND('',#186,.T.);
#99=FACE_OUTER_BOUND('',#187,.T.);
#100=FACE_OUTER_BOUND('',#188,.T.);
#101=FACE_OUTER_BOUND('',#189,.T.);
#102=FACE_OUTER_BOUND('',#190,.T.);
#103=FACE_OUTER_BOUND('',#191,.T.);
#104=FACE_OUTER_BOUND('',#192,.T.);
#105=FACE_OUTER_BOUND('',#194,.T.);
#106=FACE_OUTER_BOUND('',#197,.T.);
#107=FACE_OUTER_BOUND('',#198,.T.);
#108=FACE_OUTER_BOUND('',#199,.T.);
#109=FACE_OUTER_BOUND('',#200,.T.);
#110=FACE_OUTER_BOUND('',#201,.T.);
#111=FACE_OUTER_BOUND('',#202,.T.);
#112=FACE_OUTER_BOUND('',#205,.T.);
#113=FACE_OUTER_BOUND('',#206,.T.);
#114=FACE_OUTER_BOUND('',#207,.T.);
#115=FACE_OUTER_BOUND('',#208,.T.);
#116=FACE_OUTER_BOUND('',#209,.T.);
#117=FACE_OUTER_BOUND('',#210,.T.);
#118=FACE_OUTER_BOUND('',#211,.T.);
#119=FACE_OUTER_BOUND('',#212,.T.);
#120=FACE_OUTER_BOUND('',#214,.T.);
#121=FACE_OUTER_BOUND('',#215,.T.);
#122=FACE_OUTER_BOUND('',#216,.T.);
#123=FACE_OUTER_BOUND('',#217,.T.);
#124=FACE_OUTER_BOUND('',#218,.T.);
#125=FACE_OUTER_BOUND('',#219,.T.);
#126=FACE_OUTER_BOUND('',#220,.T.);
#127=FACE_OUTER_BOUND('',#221,.T.);
#128=FACE_OUTER_BOUND('',#222,.T.);
#129=FACE_OUTER_BOUND('',#223,.T.);
#130=FACE_OUTER_BOUND('',#224,.T.);
#131=FACE_OUTER_BOUND('',#225,.T.);
#132=FACE_OUTER_BOUND('',#226,.T.);
#133=FACE_OUTER_BOUND('',#227,.T.);
#134=FACE_OUTER_BOUND('',#228,.T.);
#135=FACE_OUTER_BOUND('',#229,.T.);
#136=FACE_OUTER_BOUND('',#230,.T.);
#137=FACE_OUTER_BOUND('',#231,.T.);
#138=FACE_OUTER_BOUND('',#232,.T.);
#139=FACE_OUTER_BOUND('',#233,.T.);
#140=FACE_OUTER_BOUND('',#234,.T.);
#141=FACE_OUTER_BOUND('',#235,.T.);
#142=FACE_OUTER_BOUND('',#236,.T.);
#143=FACE_OUTER_BOUND('',#237,.T.);
#144=FACE_OUTER_BOUND('',#238,.T.);
#145=FACE_OUTER_BOUND('',#239,.T.);
#146=FACE_OUTER_BOUND('',#240,.T.);
#147=FACE_OUTER_BOUND('',#241,.T.);
#148=FACE_OUTER_BOUND('',#242,.T.);
#149=FACE_OUTER_BOUND('',#243,.T.);
#150=FACE_OUTER_BOUND('',#245,.T.);
#151=FACE_OUTER_BOUND('',#247,.T.);
#152=FACE_OUTER_BOUND('',#248,.T.);
#153=FACE_OUTER_BOUND('',#249,.T.);
#154=FACE_OUTER_BOUND('',#252,.T.);
#155=FACE_OUTER_BOUND('',#253,.T.);
#156=FACE_OUTER_BOUND('',#254,.T.);
#157=FACE_OUTER_BOUND('',#255,.T.);
#158=FACE_OUTER_BOUND('',#256,.T.);
#159=FACE_OUTER_BOUND('',#257,.T.);
#160=FACE_OUTER_BOUND('',#258,.T.);
#161=FACE_OUTER_BOUND('',#259,.T.);
#162=FACE_OUTER_BOUND('',#260,.T.);
#163=FACE_OUTER_BOUND('',#261,.T.);
#164=FACE_OUTER_BOUND('',#262,.T.);
#165=FACE_OUTER_BOUND('',#263,.T.);
#166=FACE_OUTER_BOUND('',#264,.T.);
#167=FACE_OUTER_BOUND('',#265,.T.);
#168=FACE_OUTER_BOUND('',#266,.T.);
#169=FACE_OUTER_BOUND('',#267,.T.);
#170=FACE_OUTER_BOUND('',#268,.T.);
#171=FACE_OUTER_BOUND('',#269,.T.);
#172=FACE_OUTER_BOUND('',#270,.T.);
#173=FACE_OUTER_BOUND('',#271,.T.);
#174=FACE_OUTER_BOUND('',#272,.T.);
#175=EDGE_LOOP('',(#965,#966,#967,#968));
#176=EDGE_LOOP('',(#969,#970,#971,#972,#973,#974));
#177=EDGE_LOOP('',(#975,#976,#977,#978));
#178=EDGE_LOOP('',(#979,#980,#981,#982));
#179=EDGE_LOOP('',(#983,#984,#985,#986));
#180=EDGE_LOOP('',(#987,#988,#989,#990,#991,#992));
#181=EDGE_LOOP('',(#993,#994,#995));
#182=EDGE_LOOP('',(#996,#997,#998,#999,#1000,#1001,#1002,#1003,#1004,#1005,
#1006));
#183=EDGE_LOOP('',(#1007,#1008,#1009,#1010));
#184=EDGE_LOOP('',(#1011,#1012,#1013,#1014));
#185=EDGE_LOOP('',(#1015,#1016,#1017));
#186=EDGE_LOOP('',(#1018,#1019,#1020,#1021,#1022,#1023,#1024,#1025,#1026,
#1027,#1028,#1029,#1030));
#187=EDGE_LOOP('',(#1031,#1032,#1033,#1034));
#188=EDGE_LOOP('',(#1035,#1036,#1037,#1038));
#189=EDGE_LOOP('',(#1039,#1040,#1041,#1042));
#190=EDGE_LOOP('',(#1043,#1044,#1045,#1046));
#191=EDGE_LOOP('',(#1047,#1048,#1049,#1050));
#192=EDGE_LOOP('',(#1051,#1052,#1053,#1054,#1055,#1056,#1057,#1058,#1059,
#1060));
#193=EDGE_LOOP('',(#1061));
#194=EDGE_LOOP('',(#1062,#1063,#1064,#1065,#1066,#1067,#1068,#1069,#1070,
#1071,#1072,#1073,#1074,#1075));
#195=EDGE_LOOP('',(#1076,#1077,#1078,#1079));
#196=EDGE_LOOP('',(#1080,#1081,#1082,#1083));
#197=EDGE_LOOP('',(#1084,#1085,#1086,#1087));
#198=EDGE_LOOP('',(#1088,#1089,#1090,#1091));
#199=EDGE_LOOP('',(#1092,#1093,#1094,#1095));
#200=EDGE_LOOP('',(#1096,#1097,#1098,#1099));
#201=EDGE_LOOP('',(#1100,#1101,#1102,#1103));
#202=EDGE_LOOP('',(#1104,#1105,#1106,#1107,#1108,#1109,#1110,#1111));
#203=EDGE_LOOP('',(#1112,#1113,#1114,#1115));
#204=EDGE_LOOP('',(#1116,#1117,#1118,#1119));
#205=EDGE_LOOP('',(#1120,#1121,#1122,#1123));
#206=EDGE_LOOP('',(#1124));
#207=EDGE_LOOP('',(#1125,#1126,#1127,#1128));
#208=EDGE_LOOP('',(#1129,#1130,#1131,#1132));
#209=EDGE_LOOP('',(#1133,#1134,#1135,#1136));
#210=EDGE_LOOP('',(#1137,#1138,#1139,#1140));
#211=EDGE_LOOP('',(#1141,#1142,#1143,#1144));
#212=EDGE_LOOP('',(#1145,#1146,#1147,#1148));
#213=EDGE_LOOP('',(#1149,#1150));
#214=EDGE_LOOP('',(#1151,#1152,#1153,#1154));
#215=EDGE_LOOP('',(#1155,#1156,#1157,#1158));
#216=EDGE_LOOP('',(#1159,#1160,#1161,#1162));
#217=EDGE_LOOP('',(#1163,#1164,#1165,#1166));
#218=EDGE_LOOP('',(#1167,#1168,#1169,#1170));
#219=EDGE_LOOP('',(#1171,#1172,#1173,#1174));
#220=EDGE_LOOP('',(#1175,#1176,#1177,#1178));
#221=EDGE_LOOP('',(#1179,#1180,#1181,#1182));
#222=EDGE_LOOP('',(#1183,#1184,#1185,#1186));
#223=EDGE_LOOP('',(#1187,#1188,#1189,#1190));
#224=EDGE_LOOP('',(#1191,#1192,#1193,#1194));
#225=EDGE_LOOP('',(#1195,#1196,#1197,#1198));
#226=EDGE_LOOP('',(#1199,#1200,#1201,#1202));
#227=EDGE_LOOP('',(#1203,#1204,#1205,#1206));
#228=EDGE_LOOP('',(#1207,#1208,#1209,#1210));
#229=EDGE_LOOP('',(#1211,#1212,#1213,#1214));
#230=EDGE_LOOP('',(#1215,#1216,#1217,#1218));
#231=EDGE_LOOP('',(#1219,#1220,#1221,#1222));
#232=EDGE_LOOP('',(#1223,#1224,#1225,#1226));
#233=EDGE_LOOP('',(#1227,#1228,#1229,#1230));
#234=EDGE_LOOP('',(#1231,#1232,#1233,#1234));
#235=EDGE_LOOP('',(#1235,#1236,#1237,#1238));
#236=EDGE_LOOP('',(#1239,#1240,#1241,#1242));
#237=EDGE_LOOP('',(#1243,#1244,#1245,#1246));
#238=EDGE_LOOP('',(#1247,#1248,#1249,#1250));
#239=EDGE_LOOP('',(#1251,#1252,#1253,#1254));
#240=EDGE_LOOP('',(#1255,#1256,#1257,#1258));
#241=EDGE_LOOP('',(#1259,#1260,#1261,#1262,#1263,#1264,#1265,#1266));
#242=EDGE_LOOP('',(#1267,#1268,#1269,#1270,#1271,#1272,#1273,#1274));
#243=EDGE_LOOP('',(#1275,#1276,#1277,#1278));
#244=EDGE_LOOP('',(#1279,#1280,#1281,#1282));
#245=EDGE_LOOP('',(#1283,#1284,#1285,#1286));
#246=EDGE_LOOP('',(#1287,#1288));
#247=EDGE_LOOP('',(#1289,#1290,#1291,#1292));
#248=EDGE_LOOP('',(#1293,#1294,#1295,#1296));
#249=EDGE_LOOP('',(#1297,#1298,#1299,#1300));
#250=EDGE_LOOP('',(#1301,#1302,#1303,#1304));
#251=EDGE_LOOP('',(#1305,#1306,#1307,#1308));
#252=EDGE_LOOP('',(#1309,#1310,#1311,#1312));
#253=EDGE_LOOP('',(#1313,#1314,#1315,#1316));
#254=EDGE_LOOP('',(#1317,#1318,#1319,#1320));
#255=EDGE_LOOP('',(#1321,#1322,#1323,#1324));
#256=EDGE_LOOP('',(#1325,#1326,#1327,#1328));
#257=EDGE_LOOP('',(#1329,#1330,#1331,#1332));
#258=EDGE_LOOP('',(#1333,#1334,#1335,#1336,#1337));
#259=EDGE_LOOP('',(#1338,#1339));
#260=EDGE_LOOP('',(#1340,#1341,#1342));
#261=EDGE_LOOP('',(#1343,#1344,#1345));
#262=EDGE_LOOP('',(#1346,#1347));
#263=EDGE_LOOP('',(#1348,#1349,#1350,#1351,#1352));
#264=EDGE_LOOP('',(#1353,#1354,#1355,#1356));
#265=EDGE_LOOP('',(#1357,#1358,#1359,#1360,#1361));
#266=EDGE_LOOP('',(#1362,#1363,#1364,#1365));
#267=EDGE_LOOP('',(#1366,#1367));
#268=EDGE_LOOP('',(#1368,#1369,#1370));
#269=EDGE_LOOP('',(#1371,#1372,#1373));
#270=EDGE_LOOP('',(#1374,#1375));
#271=EDGE_LOOP('',(#1376,#1377,#1378,#1379));
#272=EDGE_LOOP('',(#1380,#1381,#1382,#1383,#1384));
#273=LINE('',#2090,#437);
#274=LINE('',#2092,#438);
#275=LINE('',#2093,#439);
#276=LINE('',#2097,#440);
#277=LINE('',#2099,#441);
#278=LINE('',#2100,#442);
#279=LINE('',#2102,#443);
#280=LINE('',#2103,#444);
#281=LINE('',#2106,#445);
#282=LINE('',#2108,#446);
#283=LINE('',#2109,#447);
#284=LINE('',#2112,#448);
#285=LINE('',#2113,#449);
#286=LINE('',#2116,#450);
#287=LINE('',#2117,#451);
#288=LINE('',#2127,#452);
#289=LINE('',#2128,#453);
#290=LINE('',#2131,#454);
#291=LINE('',#2154,#455);
#292=LINE('',#2156,#456);
#293=LINE('',#2158,#457);
#294=LINE('',#2160,#458);
#295=LINE('',#2167,#459);
#296=LINE('',#2227,#460);
#297=LINE('',#2230,#461);
#298=LINE('',#2232,#462);
#299=LINE('',#2236,#463);
#300=LINE('',#2240,#464);
#301=LINE('',#2242,#465);
#302=LINE('',#2244,#466);
#303=LINE('',#2246,#467);
#304=LINE('',#2247,#468);
#305=LINE('',#2250,#469);
#306=LINE('',#2252,#470);
#307=LINE('',#2253,#471);
#308=LINE('',#2257,#472);
#309=LINE('',#2260,#473);
#310=LINE('',#2261,#474);
#311=LINE('',#2265,#475);
#312=LINE('',#2268,#476);
#313=LINE('',#2269,#477);
#314=LINE('',#2272,#478);
#315=LINE('',#2290,#479);
#316=LINE('',#2292,#480);
#317=LINE('',#2293,#481);
#318=LINE('',#2298,#482);
#319=LINE('',#2300,#483);
#320=LINE('',#2315,#484);
#321=LINE('',#2330,#485);
#322=LINE('',#2332,#486);
#323=LINE('',#2334,#487);
#324=LINE('',#2335,#488);
#325=LINE('',#2338,#489);
#326=LINE('',#2340,#490);
#327=LINE('',#2342,#491);
#328=LINE('',#2343,#492);
#329=LINE('',#2347,#493);
#330=LINE('',#2349,#494);
#331=LINE('',#2351,#495);
#332=LINE('',#2352,#496);
#333=LINE('',#2355,#497);
#334=LINE('',#2357,#498);
#335=LINE('',#2358,#499);
#336=LINE('',#2361,#500);
#337=LINE('',#2363,#501);
#338=LINE('',#2364,#502);
#339=LINE('',#2366,#503);
#340=LINE('',#2367,#504);
#341=LINE('',#2371,#505);
#342=LINE('',#2373,#506);
#343=LINE('',#2374,#507);
#344=LINE('',#2375,#508);
#345=LINE('',#2376,#509);
#346=LINE('',#2379,#510);
#347=LINE('',#2381,#511);
#348=LINE('',#2383,#512);
#349=LINE('',#2384,#513);
#350=LINE('',#2388,#514);
#351=LINE('',#2493,#515);
#352=LINE('',#2494,#516);
#353=LINE('',#2498,#517);
#354=LINE('',#2593,#518);
#355=LINE('',#2595,#519);
#356=LINE('',#2604,#520);
#357=LINE('',#2605,#521);
#358=LINE('',#2610,#522);
#359=LINE('',#2612,#523);
#360=LINE('',#2613,#524);
#361=LINE('',#2616,#525);
#362=LINE('',#2617,#526);
#363=LINE('',#2620,#527);
#364=LINE('',#2621,#528);
#365=LINE('',#2623,#529);
#366=LINE('',#2628,#530);
#367=LINE('',#2630,#531);
#368=LINE('',#2632,#532);
#369=LINE('',#2633,#533);
#370=LINE('',#2636,#534);
#371=LINE('',#2638,#535);
#372=LINE('',#2639,#536);
#373=LINE('',#2642,#537);
#374=LINE('',#2644,#538);
#375=LINE('',#2645,#539);
#376=LINE('',#2647,#540);
#377=LINE('',#2648,#541);
#378=LINE('',#2652,#542);
#379=LINE('',#2654,#543);
#380=LINE('',#2655,#544);
#381=LINE('',#2658,#545);
#382=LINE('',#2659,#546);
#383=LINE('',#2662,#547);
#384=LINE('',#2663,#548);
#385=LINE('',#2665,#549);
#386=LINE('',#2670,#550);
#387=LINE('',#2672,#551);
#388=LINE('',#2674,#552);
#389=LINE('',#2675,#553);
#390=LINE('',#2678,#554);
#391=LINE('',#2680,#555);
#392=LINE('',#2681,#556);
#393=LINE('',#2684,#557);
#394=LINE('',#2686,#558);
#395=LINE('',#2687,#559);
#396=LINE('',#2689,#560);
#397=LINE('',#2690,#561);
#398=LINE('',#2695,#562);
#399=LINE('',#2697,#563);
#400=LINE('',#2699,#564);
#401=LINE('',#2700,#565);
#402=LINE('',#2703,#566);
#403=LINE('',#2705,#567);
#404=LINE('',#2706,#568);
#405=LINE('',#2709,#569);
#406=LINE('',#2711,#570);
#407=LINE('',#2712,#571);
#408=LINE('',#2714,#572);
#409=LINE('',#2715,#573);
#410=LINE('',#2719,#574);
#411=LINE('',#2726,#575);
#412=LINE('',#2729,#576);
#413=LINE('',#2740,#577);
#414=LINE('',#2742,#578);
#415=LINE('',#2743,#579);
#416=LINE('',#2746,#580);
#417=LINE('',#2747,#581);
#418=LINE('',#2750,#582);
#419=LINE('',#2751,#583);
#420=LINE('',#2753,#584);
#421=LINE('',#2758,#585);
#422=LINE('',#2760,#586);
#423=LINE('',#2762,#587);
#424=LINE('',#2763,#588);
#425=LINE('',#2776,#589);
#426=LINE('',#2782,#590);
#427=LINE('',#2784,#591);
#428=LINE('',#2785,#592);
#429=LINE('',#2794,#593);
#430=LINE('',#2797,#594);
#431=LINE('',#2799,#595);
#432=LINE('',#2800,#596);
#433=LINE('',#2806,#597);
#434=LINE('',#2813,#598);
#435=LINE('',#2816,#599);
#436=LINE('',#2817,#600);
#437=VECTOR('',#1684,10.);
#438=VECTOR('',#1685,10.);
#439=VECTOR('',#1686,10.);
#440=VECTOR('',#1689,10.);
#441=VECTOR('',#1690,10.);
#442=VECTOR('',#1691,10.);
#443=VECTOR('',#1692,10.);
#444=VECTOR('',#1693,10.);
#445=VECTOR('',#1696,10.);
#446=VECTOR('',#1697,10.);
#447=VECTOR('',#1698,10.);
#448=VECTOR('',#1701,10.);
#449=VECTOR('',#1702,10.);
#450=VECTOR('',#1705,10.);
#451=VECTOR('',#1706,10.);
#452=VECTOR('',#1709,10.);
#453=VECTOR('',#1710,10.);
#454=VECTOR('',#1713,10.);
#455=VECTOR('',#1716,10.);
#456=VECTOR('',#1717,10.);
#457=VECTOR('',#1718,10.);
#458=VECTOR('',#1719,10.);
#459=VECTOR('',#1726,10.);
#460=VECTOR('',#1729,10.);
#461=VECTOR('',#1732,10.);
#462=VECTOR('',#1733,10.);
#463=VECTOR('',#1736,10.);
#464=VECTOR('',#1739,10.);
#465=VECTOR('',#1740,10.);
#466=VECTOR('',#1741,10.);
#467=VECTOR('',#1742,10.);
#468=VECTOR('',#1743,10.);
#469=VECTOR('',#1746,10.);
#470=VECTOR('',#1747,10.);
#471=VECTOR('',#1748,10.);
#472=VECTOR('',#1753,10.);
#473=VECTOR('',#1756,10.);
#474=VECTOR('',#1757,10.);
#475=VECTOR('',#1762,10.);
#476=VECTOR('',#1765,10.);
#477=VECTOR('',#1766,10.);
#478=VECTOR('',#1769,10.);
#479=VECTOR('',#1770,10.);
#480=VECTOR('',#1771,10.);
#481=VECTOR('',#1772,10.);
#482=VECTOR('',#1777,10.);
#483=VECTOR('',#1778,10.);
#484=VECTOR('',#1779,10.);
#485=VECTOR('',#1780,10.);
#486=VECTOR('',#1781,10.);
#487=VECTOR('',#1782,10.);
#488=VECTOR('',#1783,10.);
#489=VECTOR('',#1784,10.);
#490=VECTOR('',#1785,10.);
#491=VECTOR('',#1786,10.);
#492=VECTOR('',#1787,10.);
#493=VECTOR('',#1790,10.);
#494=VECTOR('',#1791,10.);
#495=VECTOR('',#1792,10.);
#496=VECTOR('',#1793,10.);
#497=VECTOR('',#1796,10.);
#498=VECTOR('',#1797,10.);
#499=VECTOR('',#1798,10.);
#500=VECTOR('',#1801,10.);
#501=VECTOR('',#1802,10.);
#502=VECTOR('',#1803,10.);
#503=VECTOR('',#1806,10.);
#504=VECTOR('',#1807,10.);
#505=VECTOR('',#1812,10.);
#506=VECTOR('',#1813,10.);
#507=VECTOR('',#1814,10.);
#508=VECTOR('',#1815,10.);
#509=VECTOR('',#1816,10.);
#510=VECTOR('',#1817,10.);
#511=VECTOR('',#1818,10.);
#512=VECTOR('',#1819,10.);
#513=VECTOR('',#1820,10.);
#514=VECTOR('',#1825,5.);
#515=VECTOR('',#1832,10.);
#516=VECTOR('',#1833,10.);
#517=VECTOR('',#1838,10.);
#518=VECTOR('',#1845,10.);
#519=VECTOR('',#1848,10.);
#520=VECTOR('',#1857,10.);
#521=VECTOR('',#1858,10.);
#522=VECTOR('',#1865,10.);
#523=VECTOR('',#1866,10.);
#524=VECTOR('',#1867,10.);
#525=VECTOR('',#1870,10.);
#526=VECTOR('',#1871,10.);
#527=VECTOR('',#1874,10.);
#528=VECTOR('',#1875,10.);
#529=VECTOR('',#1878,10.);
#530=VECTOR('',#1883,10.);
#531=VECTOR('',#1884,10.);
#532=VECTOR('',#1885,10.);
#533=VECTOR('',#1886,10.);
#534=VECTOR('',#1889,10.);
#535=VECTOR('',#1890,10.);
#536=VECTOR('',#1891,10.);
#537=VECTOR('',#1894,10.);
#538=VECTOR('',#1895,10.);
#539=VECTOR('',#1896,10.);
#540=VECTOR('',#1899,10.);
#541=VECTOR('',#1900,10.);
#542=VECTOR('',#1905,10.);
#543=VECTOR('',#1906,10.);
#544=VECTOR('',#1907,10.);
#545=VECTOR('',#1910,10.);
#546=VECTOR('',#1911,10.);
#547=VECTOR('',#1914,10.);
#548=VECTOR('',#1915,10.);
#549=VECTOR('',#1918,10.);
#550=VECTOR('',#1923,10.);
#551=VECTOR('',#1924,10.);
#552=VECTOR('',#1925,10.);
#553=VECTOR('',#1926,10.);
#554=VECTOR('',#1929,10.);
#555=VECTOR('',#1930,10.);
#556=VECTOR('',#1931,10.);
#557=VECTOR('',#1934,10.);
#558=VECTOR('',#1935,10.);
#559=VECTOR('',#1936,10.);
#560=VECTOR('',#1939,10.);
#561=VECTOR('',#1940,10.);
#562=VECTOR('',#1945,10.);
#563=VECTOR('',#1946,10.);
#564=VECTOR('',#1947,10.);
#565=VECTOR('',#1948,10.);
#566=VECTOR('',#1951,10.);
#567=VECTOR('',#1952,10.);
#568=VECTOR('',#1953,10.);
#569=VECTOR('',#1956,10.);
#570=VECTOR('',#1957,10.);
#571=VECTOR('',#1958,10.);
#572=VECTOR('',#1961,10.);
#573=VECTOR('',#1962,10.);
#574=VECTOR('',#1967,10.);
#575=VECTOR('',#1976,10.);
#576=VECTOR('',#1981,10.);
#577=VECTOR('',#1988,10.);
#578=VECTOR('',#1989,10.);
#579=VECTOR('',#1990,10.);
#580=VECTOR('',#1993,10.);
#581=VECTOR('',#1994,10.);
#582=VECTOR('',#1997,10.);
#583=VECTOR('',#1998,10.);
#584=VECTOR('',#2001,10.);
#585=VECTOR('',#2006,10.);
#586=VECTOR('',#2007,10.);
#587=VECTOR('',#2008,10.);
#588=VECTOR('',#2009,10.);
#589=VECTOR('',#2026,10.);
#590=VECTOR('',#2033,10.);
#591=VECTOR('',#2036,10.);
#592=VECTOR('',#2037,10.);
#593=VECTOR('',#2046,10.);
#594=VECTOR('',#2049,10.);
#595=VECTOR('',#2052,10.);
#596=VECTOR('',#2053,10.);
#597=VECTOR('',#2060,10.);
#598=VECTOR('',#2067,10.);
#599=VECTOR('',#2072,10.);
#600=VECTOR('',#2073,10.);
#601=B_SPLINE_CURVE_WITH_KNOTS('',3,(#2083,#2084,#2085,#2086,#2087,#2088),
 .UNSPECIFIED.,.F.,.F.,(4,2,4),(-4.2,-2.1,0.),.UNSPECIFIED.);
#602=B_SPLINE_CURVE_WITH_KNOTS('',3,(#2121,#2122,#2123,#2124,#2125,#2126),
 .UNSPECIFIED.,.F.,.F.,(4,2,4),(-4.2,-2.1,-1.04308142123699E-8),
 .UNSPECIFIED.);
#603=B_SPLINE_CURVE_WITH_KNOTS('',3,(#2132,#2133,#2134,#2135,#2136,#2137,
#2138,#2139,#2140,#2141,#2142,#2143),.UNSPECIFIED.,.F.,.F.,(4,2,2,2,2,4),
(26.5336193967791,26.5738824084029,26.7450850850734,26.9562613310545,27.4217244654238,
27.915530676214),.UNSPECIFIED.);
#604=B_SPLINE_CURVE_WITH_KNOTS('',3,(#2146,#2147,#2148,#2149,#2150,#2151,
#2152),.UNSPECIFIED.,.F.,.F.,(4,3,4),(27.9473050583771,29.3108537340075,
31.1289186348477),.UNSPECIFIED.);
#605=B_SPLINE_CURVE_WITH_KNOTS('',3,(#2183,#2184,#2185,#2186,#2187,#2188),
 .UNSPECIFIED.,.F.,.F.,(4,2,4),(-4.2,-2.1,0.),.UNSPECIFIED.);
#606=B_SPLINE_CURVE_WITH_KNOTS('',3,(#2189,#2190,#2191,#2192,#2193,#2194,
#2195,#2196,#2197,#2198,#2199,#2200,#2201),.UNSPECIFIED.,.F.,.F.,(4,3,3,
3,4),(32.2405620458923,33.0455963965178,33.5822859636016,33.8506307471434,
34.1189755306833),.UNSPECIFIED.);
#607=B_SPLINE_CURVE_WITH_KNOTS('',3,(#2213,#2214,#2215,#2216,#2217,#2218,
#2219),.UNSPECIFIED.,.F.,.F.,(4,3,4),(28.9363937213843,30.8064451128905,
32.2089836564558),.UNSPECIFIED.);
#608=B_SPLINE_CURVE_WITH_KNOTS('',3,(#2220,#2221,#2222,#2223,#2224,#2225),
 .UNSPECIFIED.,.F.,.F.,(4,2,4),(0.4,2.5,4.6),.UNSPECIFIED.);
#609=B_SPLINE_CURVE_WITH_KNOTS('',3,(#2274,#2275,#2276,#2277,#2278,#2279,
#2280,#2281,#2282,#2283,#2284,#2285,#2286,#2287,#2288),.UNSPECIFIED.,.F.,
 .F.,(4,1,1,1,1,1,1,1,1,1,1,1,4),(-10.7088538843222,-9.2304900503545,-7.75212621638678,
-7.01294429940291,-4.79539854845133,-3.3170347144836,-2.57785279749974,
-1.83867088051587,-1.09948896353201,-0.72989800504008,-0.545102525794114,
-0.452704786171132,-0.370809235844783),.UNSPECIFIED.);
#610=B_SPLINE_CURVE_WITH_KNOTS('',3,(#2302,#2303,#2304,#2305,#2306,#2307,
#2308,#2309,#2310,#2311,#2312,#2313),.UNSPECIFIED.,.F.,.F.,(4,2,2,2,2,4),
(0.,0.136667771856994,0.273361622674515,0.410122228706743,0.480753982306075,
0.551408186069168),.UNSPECIFIED.);
#611=B_SPLINE_CURVE_WITH_KNOTS('',3,(#2316,#2317,#2318,#2319,#2320,#2321,
#2322,#2323,#2324,#2325,#2326,#2327),.UNSPECIFIED.,.F.,.F.,(4,2,2,2,2,4),
(0.,0.137051841691224,0.273891770950621,0.410625483703798,0.481040940261194,
0.551453832445753),.UNSPECIFIED.);
#612=B_SPLINE_CURVE_WITH_KNOTS('',3,(#2461,#2462,#2463,#2464,#2465,#2466,
#2467,#2468,#2469,#2470,#2471,#2472,#2473,#2474),.UNSPECIFIED.,.F.,.F.,
(4,1,1,1,1,1,1,1,1,1,1,4),(0.370812031206653,0.545102525794102,0.729898005040068,
1.099488963532,1.83867088051586,3.31703471448359,3.56342868681155,3.8098226591395,
6.27376238241904,7.75212621638677,9.2304900503545,10.7088538843222),
 .UNSPECIFIED.);
#613=B_SPLINE_CURVE_WITH_KNOTS('',3,(#2477,#2478,#2479,#2480,#2481,#2482,
#2483,#2484,#2485,#2486,#2487,#2488,#2489,#2490),.UNSPECIFIED.,.F.,.F.,
(4,1,1,1,1,1,1,1,1,1,1,4),(-10.7088538843222,-9.2304900503545,-7.75212621638677,
-6.27376238241904,-3.8098226591395,-3.56342868681155,-3.31703471448359,
-1.83867088051586,-1.099488963532,-0.729898005040068,-0.545102525794102,
-0.360307046548136),.UNSPECIFIED.);
#614=B_SPLINE_CURVE_WITH_KNOTS('',3,(#2576,#2577,#2578,#2579,#2580,#2581,
#2582,#2583,#2584,#2585,#2586,#2587,#2588,#2589,#2590),.UNSPECIFIED.,.F.,
 .F.,(4,1,1,1,1,1,1,1,1,1,1,1,4),(0.360307046548149,0.452704786171132,0.545102525794114,
0.72989800504008,1.09948896353201,1.83867088051587,2.57785279749974,3.3170347144836,
4.79539854845133,7.01294429940291,7.75212621638678,9.2304900503545,10.7088538843222),
 .UNSPECIFIED.);
#615=VERTEX_POINT('',#2081);
#616=VERTEX_POINT('',#2082);
#617=VERTEX_POINT('',#2089);
#618=VERTEX_POINT('',#2091);
#619=VERTEX_POINT('',#2095);
#620=VERTEX_POINT('',#2096);
#621=VERTEX_POINT('',#2098);
#622=VERTEX_POINT('',#2101);
#623=VERTEX_POINT('',#2105);
#624=VERTEX_POINT('',#2107);
#625=VERTEX_POINT('',#2111);
#626=VERTEX_POINT('',#2115);
#627=VERTEX_POINT('',#2119);
#628=VERTEX_POINT('',#2120);
#629=VERTEX_POINT('',#2130);
#630=VERTEX_POINT('',#2145);
#631=VERTEX_POINT('',#2153);
#632=VERTEX_POINT('',#2155);
#633=VERTEX_POINT('',#2157);
#634=VERTEX_POINT('',#2159);
#635=VERTEX_POINT('',#2161);
#636=VERTEX_POINT('',#2163);
#637=VERTEX_POINT('',#2165);
#638=VERTEX_POINT('',#2182);
#639=VERTEX_POINT('',#2212);
#640=VERTEX_POINT('',#2229);
#641=VERTEX_POINT('',#2231);
#642=VERTEX_POINT('',#2233);
#643=VERTEX_POINT('',#2235);
#644=VERTEX_POINT('',#2237);
#645=VERTEX_POINT('',#2239);
#646=VERTEX_POINT('',#2241);
#647=VERTEX_POINT('',#2243);
#648=VERTEX_POINT('',#2245);
#649=VERTEX_POINT('',#2249);
#650=VERTEX_POINT('',#2251);
#651=VERTEX_POINT('',#2255);
#652=VERTEX_POINT('',#2259);
#653=VERTEX_POINT('',#2263);
#654=VERTEX_POINT('',#2267);
#655=VERTEX_POINT('',#2271);
#656=VERTEX_POINT('',#2273);
#657=VERTEX_POINT('',#2289);
#658=VERTEX_POINT('',#2291);
#659=VERTEX_POINT('',#2294);
#660=VERTEX_POINT('',#2297);
#661=VERTEX_POINT('',#2299);
#662=VERTEX_POINT('',#2301);
#663=VERTEX_POINT('',#2314);
#664=VERTEX_POINT('',#2328);
#665=VERTEX_POINT('',#2329);
#666=VERTEX_POINT('',#2331);
#667=VERTEX_POINT('',#2333);
#668=VERTEX_POINT('',#2336);
#669=VERTEX_POINT('',#2337);
#670=VERTEX_POINT('',#2339);
#671=VERTEX_POINT('',#2341);
#672=VERTEX_POINT('',#2345);
#673=VERTEX_POINT('',#2346);
#674=VERTEX_POINT('',#2348);
#675=VERTEX_POINT('',#2350);
#676=VERTEX_POINT('',#2354);
#677=VERTEX_POINT('',#2356);
#678=VERTEX_POINT('',#2360);
#679=VERTEX_POINT('',#2362);
#680=VERTEX_POINT('',#2370);
#681=VERTEX_POINT('',#2372);
#682=VERTEX_POINT('',#2377);
#683=VERTEX_POINT('',#2378);
#684=VERTEX_POINT('',#2380);
#685=VERTEX_POINT('',#2382);
#686=VERTEX_POINT('',#2386);
#687=VERTEX_POINT('',#2460);
#688=VERTEX_POINT('',#2475);
#689=VERTEX_POINT('',#2492);
#690=VERTEX_POINT('',#2497);
#691=VERTEX_POINT('',#2575);
#692=VERTEX_POINT('',#2596);
#693=VERTEX_POINT('',#2597);
#694=VERTEX_POINT('',#2601);
#695=VERTEX_POINT('',#2602);
#696=VERTEX_POINT('',#2609);
#697=VERTEX_POINT('',#2611);
#698=VERTEX_POINT('',#2615);
#699=VERTEX_POINT('',#2619);
#700=VERTEX_POINT('',#2626);
#701=VERTEX_POINT('',#2627);
#702=VERTEX_POINT('',#2629);
#703=VERTEX_POINT('',#2631);
#704=VERTEX_POINT('',#2635);
#705=VERTEX_POINT('',#2637);
#706=VERTEX_POINT('',#2641);
#707=VERTEX_POINT('',#2643);
#708=VERTEX_POINT('',#2651);
#709=VERTEX_POINT('',#2653);
#710=VERTEX_POINT('',#2657);
#711=VERTEX_POINT('',#2661);
#712=VERTEX_POINT('',#2668);
#713=VERTEX_POINT('',#2669);
#714=VERTEX_POINT('',#2671);
#715=VERTEX_POINT('',#2673);
#716=VERTEX_POINT('',#2677);
#717=VERTEX_POINT('',#2679);
#718=VERTEX_POINT('',#2683);
#719=VERTEX_POINT('',#2685);
#720=VERTEX_POINT('',#2693);
#721=VERTEX_POINT('',#2694);
#722=VERTEX_POINT('',#2696);
#723=VERTEX_POINT('',#2698);
#724=VERTEX_POINT('',#2702);
#725=VERTEX_POINT('',#2704);
#726=VERTEX_POINT('',#2708);
#727=VERTEX_POINT('',#2710);
#728=VERTEX_POINT('',#2718);
#729=VERTEX_POINT('',#2720);
#730=VERTEX_POINT('',#2722);
#731=VERTEX_POINT('',#2739);
#732=VERTEX_POINT('',#2741);
#733=VERTEX_POINT('',#2745);
#734=VERTEX_POINT('',#2749);
#735=VERTEX_POINT('',#2756);
#736=VERTEX_POINT('',#2757);
#737=VERTEX_POINT('',#2759);
#738=VERTEX_POINT('',#2761);
#739=VERTEX_POINT('',#2765);
#740=VERTEX_POINT('',#2772);
#741=VERTEX_POINT('',#2773);
#742=VERTEX_POINT('',#2775);
#743=VERTEX_POINT('',#2779);
#744=VERTEX_POINT('',#2780);
#745=VERTEX_POINT('',#2788);
#746=VERTEX_POINT('',#2789);
#747=VERTEX_POINT('',#2791);
#748=VERTEX_POINT('',#2793);
#749=VERTEX_POINT('',#2795);
#750=VERTEX_POINT('',#2804);
#751=VERTEX_POINT('',#2805);
#752=VERTEX_POINT('',#2807);
#753=VERTEX_POINT('',#2811);
#754=VERTEX_POINT('',#2812);
#755=EDGE_CURVE('',#615,#616,#601,.T.);
#756=EDGE_CURVE('',#615,#617,#273,.T.);
#757=EDGE_CURVE('',#617,#618,#274,.T.);
#758=EDGE_CURVE('',#616,#618,#275,.T.);
#759=EDGE_CURVE('',#619,#620,#276,.T.);
#760=EDGE_CURVE('',#621,#619,#277,.T.);
#761=EDGE_CURVE('',#618,#621,#278,.T.);
#762=EDGE_CURVE('',#622,#617,#279,.T.);
#763=EDGE_CURVE('',#620,#622,#280,.T.);
#764=EDGE_CURVE('',#619,#623,#281,.T.);
#765=EDGE_CURVE('',#623,#624,#282,.T.);
#766=EDGE_CURVE('',#621,#624,#283,.T.);
#767=EDGE_CURVE('',#625,#620,#284,.T.);
#768=EDGE_CURVE('',#625,#623,#285,.T.);
#769=EDGE_CURVE('',#626,#622,#286,.T.);
#770=EDGE_CURVE('',#625,#626,#287,.T.);
#771=EDGE_CURVE('',#627,#628,#602,.T.);
#772=EDGE_CURVE('',#624,#627,#288,.T.);
#773=EDGE_CURVE('',#628,#626,#289,.T.);
#774=EDGE_CURVE('',#629,#626,#290,.T.);
#775=EDGE_CURVE('',#629,#628,#603,.T.);
#776=EDGE_CURVE('',#615,#630,#604,.T.);
#777=EDGE_CURVE('',#631,#630,#291,.T.);
#778=EDGE_CURVE('',#632,#631,#292,.T.);
#779=EDGE_CURVE('',#633,#632,#293,.T.);
#780=EDGE_CURVE('',#634,#633,#294,.T.);
#781=EDGE_CURVE('',#634,#635,#57,.T.);
#782=EDGE_CURVE('',#635,#636,#58,.T.);
#783=EDGE_CURVE('',#636,#637,#59,.T.);
#784=EDGE_CURVE('',#622,#637,#295,.T.);
#785=EDGE_CURVE('',#638,#629,#605,.T.);
#786=EDGE_CURVE('',#638,#627,#606,.F.);
#787=EDGE_CURVE('',#616,#639,#607,.F.);
#788=EDGE_CURVE('',#630,#639,#608,.T.);
#789=EDGE_CURVE('',#624,#638,#296,.T.);
#790=EDGE_CURVE('',#640,#621,#297,.T.);
#791=EDGE_CURVE('',#640,#641,#298,.T.);
#792=EDGE_CURVE('',#641,#642,#60,.T.);
#793=EDGE_CURVE('',#642,#643,#299,.T.);
#794=EDGE_CURVE('',#643,#644,#61,.T.);
#795=EDGE_CURVE('',#644,#645,#300,.T.);
#796=EDGE_CURVE('',#646,#645,#301,.T.);
#797=EDGE_CURVE('',#647,#646,#302,.T.);
#798=EDGE_CURVE('',#648,#647,#303,.T.);
#799=EDGE_CURVE('',#639,#648,#304,.T.);
#800=EDGE_CURVE('',#649,#640,#305,.T.);
#801=EDGE_CURVE('',#650,#649,#306,.T.);
#802=EDGE_CURVE('',#650,#641,#307,.T.);
#803=EDGE_CURVE('',#651,#650,#62,.T.);
#804=EDGE_CURVE('',#651,#642,#308,.T.);
#805=EDGE_CURVE('',#652,#651,#309,.T.);
#806=EDGE_CURVE('',#652,#643,#310,.T.);
#807=EDGE_CURVE('',#653,#652,#63,.T.);
#808=EDGE_CURVE('',#653,#644,#311,.T.);
#809=EDGE_CURVE('',#645,#654,#312,.T.);
#810=EDGE_CURVE('',#654,#653,#313,.T.);
#811=EDGE_CURVE('',#655,#649,#314,.T.);
#812=EDGE_CURVE('',#656,#655,#609,.T.);
#813=EDGE_CURVE('',#657,#656,#315,.T.);
#814=EDGE_CURVE('',#658,#657,#316,.T.);
#815=EDGE_CURVE('',#654,#658,#317,.T.);
#816=EDGE_CURVE('',#659,#659,#64,.T.);
#817=EDGE_CURVE('',#637,#660,#318,.T.);
#818=EDGE_CURVE('',#660,#661,#319,.T.);
#819=EDGE_CURVE('',#662,#661,#610,.T.);
#820=EDGE_CURVE('',#662,#663,#320,.T.);
#821=EDGE_CURVE('',#655,#663,#611,.T.);
#822=EDGE_CURVE('',#664,#665,#321,.T.);
#823=EDGE_CURVE('',#665,#666,#322,.T.);
#824=EDGE_CURVE('',#666,#667,#323,.T.);
#825=EDGE_CURVE('',#667,#664,#324,.T.);
#826=EDGE_CURVE('',#668,#669,#325,.T.);
#827=EDGE_CURVE('',#669,#670,#326,.T.);
#828=EDGE_CURVE('',#670,#671,#327,.T.);
#829=EDGE_CURVE('',#671,#668,#328,.T.);
#830=EDGE_CURVE('',#672,#673,#329,.T.);
#831=EDGE_CURVE('',#672,#674,#330,.T.);
#832=EDGE_CURVE('',#674,#675,#331,.T.);
#833=EDGE_CURVE('',#673,#675,#332,.T.);
#834=EDGE_CURVE('',#676,#672,#333,.T.);
#835=EDGE_CURVE('',#676,#677,#334,.T.);
#836=EDGE_CURVE('',#677,#674,#335,.T.);
#837=EDGE_CURVE('',#678,#676,#336,.T.);
#838=EDGE_CURVE('',#678,#679,#337,.T.);
#839=EDGE_CURVE('',#679,#677,#338,.T.);
#840=EDGE_CURVE('',#673,#678,#339,.T.);
#841=EDGE_CURVE('',#675,#679,#340,.T.);
#842=EDGE_CURVE('',#680,#657,#341,.T.);
#843=EDGE_CURVE('',#680,#681,#342,.T.);
#844=EDGE_CURVE('',#633,#681,#343,.T.);
#845=EDGE_CURVE('',#647,#632,#344,.T.);
#846=EDGE_CURVE('',#658,#646,#345,.T.);
#847=EDGE_CURVE('',#682,#683,#346,.T.);
#848=EDGE_CURVE('',#683,#684,#347,.T.);
#849=EDGE_CURVE('',#684,#685,#348,.T.);
#850=EDGE_CURVE('',#685,#682,#349,.T.);
#851=EDGE_CURVE('',#686,#686,#65,.T.);
#852=EDGE_CURVE('',#686,#659,#350,.T.);
#853=EDGE_CURVE('',#661,#687,#612,.T.);
#854=EDGE_CURVE('',#687,#688,#66,.T.);
#855=EDGE_CURVE('',#688,#662,#613,.T.);
#856=EDGE_CURVE('',#689,#688,#351,.T.);
#857=EDGE_CURVE('',#687,#680,#352,.T.);
#858=EDGE_CURVE('',#680,#689,#28,.T.);
#859=EDGE_CURVE('',#690,#689,#353,.T.);
#860=EDGE_CURVE('',#657,#690,#29,.T.);
#861=EDGE_CURVE('',#663,#691,#614,.T.);
#862=EDGE_CURVE('',#691,#656,#67,.T.);
#863=EDGE_CURVE('',#691,#690,#354,.T.);
#864=EDGE_CURVE('',#688,#691,#355,.T.);
#865=EDGE_CURVE('',#692,#693,#68,.T.);
#866=EDGE_CURVE('',#693,#692,#69,.T.);
#867=EDGE_CURVE('',#694,#695,#70,.T.);
#868=EDGE_CURVE('',#694,#692,#356,.T.);
#869=EDGE_CURVE('',#695,#693,#357,.T.);
#870=EDGE_CURVE('',#695,#694,#71,.T.);
#871=EDGE_CURVE('',#664,#696,#358,.T.);
#872=EDGE_CURVE('',#696,#697,#359,.T.);
#873=EDGE_CURVE('',#665,#697,#360,.T.);
#874=EDGE_CURVE('',#667,#698,#361,.T.);
#875=EDGE_CURVE('',#698,#696,#362,.T.);
#876=EDGE_CURVE('',#666,#699,#363,.T.);
#877=EDGE_CURVE('',#699,#698,#364,.T.);
#878=EDGE_CURVE('',#697,#699,#365,.T.);
#879=EDGE_CURVE('',#700,#701,#366,.T.);
#880=EDGE_CURVE('',#700,#702,#367,.T.);
#881=EDGE_CURVE('',#702,#703,#368,.T.);
#882=EDGE_CURVE('',#701,#703,#369,.T.);
#883=EDGE_CURVE('',#704,#700,#370,.T.);
#884=EDGE_CURVE('',#704,#705,#371,.T.);
#885=EDGE_CURVE('',#705,#702,#372,.T.);
#886=EDGE_CURVE('',#706,#704,#373,.T.);
#887=EDGE_CURVE('',#706,#707,#374,.T.);
#888=EDGE_CURVE('',#707,#705,#375,.T.);
#889=EDGE_CURVE('',#701,#706,#376,.T.);
#890=EDGE_CURVE('',#703,#707,#377,.T.);
#891=EDGE_CURVE('',#668,#708,#378,.T.);
#892=EDGE_CURVE('',#708,#709,#379,.T.);
#893=EDGE_CURVE('',#669,#709,#380,.T.);
#894=EDGE_CURVE('',#671,#710,#381,.T.);
#895=EDGE_CURVE('',#710,#708,#382,.T.);
#896=EDGE_CURVE('',#670,#711,#383,.T.);
#897=EDGE_CURVE('',#711,#710,#384,.T.);
#898=EDGE_CURVE('',#709,#711,#385,.T.);
#899=EDGE_CURVE('',#712,#713,#386,.T.);
#900=EDGE_CURVE('',#712,#714,#387,.T.);
#901=EDGE_CURVE('',#714,#715,#388,.T.);
#902=EDGE_CURVE('',#713,#715,#389,.T.);
#903=EDGE_CURVE('',#716,#712,#390,.T.);
#904=EDGE_CURVE('',#716,#717,#391,.T.);
#905=EDGE_CURVE('',#717,#714,#392,.T.);
#906=EDGE_CURVE('',#718,#716,#393,.T.);
#907=EDGE_CURVE('',#718,#719,#394,.T.);
#908=EDGE_CURVE('',#719,#717,#395,.T.);
#909=EDGE_CURVE('',#713,#718,#396,.T.);
#910=EDGE_CURVE('',#715,#719,#397,.T.);
#911=EDGE_CURVE('',#720,#721,#398,.T.);
#912=EDGE_CURVE('',#720,#722,#399,.T.);
#913=EDGE_CURVE('',#722,#723,#400,.T.);
#914=EDGE_CURVE('',#721,#723,#401,.T.);
#915=EDGE_CURVE('',#724,#720,#402,.T.);
#916=EDGE_CURVE('',#724,#725,#403,.T.);
#917=EDGE_CURVE('',#725,#722,#404,.T.);
#918=EDGE_CURVE('',#726,#724,#405,.T.);
#919=EDGE_CURVE('',#726,#727,#406,.T.);
#920=EDGE_CURVE('',#727,#725,#407,.T.);
#921=EDGE_CURVE('',#721,#726,#408,.T.);
#922=EDGE_CURVE('',#723,#727,#409,.T.);
#923=EDGE_CURVE('',#728,#634,#410,.T.);
#924=EDGE_CURVE('',#729,#728,#72,.T.);
#925=EDGE_CURVE('',#730,#729,#73,.T.);
#926=EDGE_CURVE('',#660,#730,#74,.T.);
#927=EDGE_CURVE('',#681,#728,#411,.T.);
#928=EDGE_CURVE('',#648,#631,#412,.T.);
#929=EDGE_CURVE('',#731,#682,#413,.T.);
#930=EDGE_CURVE('',#732,#731,#414,.T.);
#931=EDGE_CURVE('',#683,#732,#415,.T.);
#932=EDGE_CURVE('',#733,#732,#416,.T.);
#933=EDGE_CURVE('',#684,#733,#417,.T.);
#934=EDGE_CURVE('',#734,#733,#418,.T.);
#935=EDGE_CURVE('',#685,#734,#419,.T.);
#936=EDGE_CURVE('',#731,#734,#420,.T.);
#937=EDGE_CURVE('',#735,#736,#421,.T.);
#938=EDGE_CURVE('',#735,#737,#422,.T.);
#939=EDGE_CURVE('',#738,#737,#423,.T.);
#940=EDGE_CURVE('',#736,#738,#424,.T.);
#941=EDGE_CURVE('',#739,#735,#75,.T.);
#942=EDGE_CURVE('',#739,#736,#76,.T.);
#943=EDGE_CURVE('',#737,#738,#77,.T.);
#944=EDGE_CURVE('',#740,#741,#78,.T.);
#945=EDGE_CURVE('',#742,#741,#425,.T.);
#946=EDGE_CURVE('',#740,#742,#79,.T.);
#947=EDGE_CURVE('',#743,#744,#80,.T.);
#948=EDGE_CURVE('',#744,#743,#426,.T.);
#949=EDGE_CURVE('',#742,#744,#427,.T.);
#950=EDGE_CURVE('',#741,#743,#428,.T.);
#951=EDGE_CURVE('',#745,#746,#81,.T.);
#952=EDGE_CURVE('',#747,#746,#82,.T.);
#953=EDGE_CURVE('',#747,#748,#429,.T.);
#954=EDGE_CURVE('',#749,#748,#83,.T.);
#955=EDGE_CURVE('',#745,#749,#430,.T.);
#956=EDGE_CURVE('',#747,#745,#431,.T.);
#957=EDGE_CURVE('',#748,#749,#432,.T.);
#958=EDGE_CURVE('',#750,#751,#433,.T.);
#959=EDGE_CURVE('',#750,#752,#84,.T.);
#960=EDGE_CURVE('',#751,#752,#85,.T.);
#961=EDGE_CURVE('',#753,#754,#434,.T.);
#962=EDGE_CURVE('',#754,#753,#86,.T.);
#963=EDGE_CURVE('',#751,#754,#435,.T.);
#964=EDGE_CURVE('',#750,#753,#436,.T.);
#965=ORIENTED_EDGE('',*,*,#755,.F.);
#966=ORIENTED_EDGE('',*,*,#756,.T.);
#967=ORIENTED_EDGE('',*,*,#757,.T.);
#968=ORIENTED_EDGE('',*,*,#758,.F.);
#969=ORIENTED_EDGE('',*,*,#759,.F.);
#970=ORIENTED_EDGE('',*,*,#760,.F.);
#971=ORIENTED_EDGE('',*,*,#761,.F.);
#972=ORIENTED_EDGE('',*,*,#757,.F.);
#973=ORIENTED_EDGE('',*,*,#762,.F.);
#974=ORIENTED_EDGE('',*,*,#763,.F.);
#975=ORIENTED_EDGE('',*,*,#760,.T.);
#976=ORIENTED_EDGE('',*,*,#764,.T.);
#977=ORIENTED_EDGE('',*,*,#765,.T.);
#978=ORIENTED_EDGE('',*,*,#766,.F.);
#979=ORIENTED_EDGE('',*,*,#759,.T.);
#980=ORIENTED_EDGE('',*,*,#767,.F.);
#981=ORIENTED_EDGE('',*,*,#768,.T.);
#982=ORIENTED_EDGE('',*,*,#764,.F.);
#983=ORIENTED_EDGE('',*,*,#763,.T.);
#984=ORIENTED_EDGE('',*,*,#769,.F.);
#985=ORIENTED_EDGE('',*,*,#770,.F.);
#986=ORIENTED_EDGE('',*,*,#767,.T.);
#987=ORIENTED_EDGE('',*,*,#771,.F.);
#988=ORIENTED_EDGE('',*,*,#772,.F.);
#989=ORIENTED_EDGE('',*,*,#765,.F.);
#990=ORIENTED_EDGE('',*,*,#768,.F.);
#991=ORIENTED_EDGE('',*,*,#770,.T.);
#992=ORIENTED_EDGE('',*,*,#773,.F.);
#993=ORIENTED_EDGE('',*,*,#773,.T.);
#994=ORIENTED_EDGE('',*,*,#774,.F.);
#995=ORIENTED_EDGE('',*,*,#775,.T.);
#996=ORIENTED_EDGE('',*,*,#776,.T.);
#997=ORIENTED_EDGE('',*,*,#777,.F.);
#998=ORIENTED_EDGE('',*,*,#778,.F.);
#999=ORIENTED_EDGE('',*,*,#779,.F.);
#1000=ORIENTED_EDGE('',*,*,#780,.F.);
#1001=ORIENTED_EDGE('',*,*,#781,.T.);
#1002=ORIENTED_EDGE('',*,*,#782,.T.);
#1003=ORIENTED_EDGE('',*,*,#783,.T.);
#1004=ORIENTED_EDGE('',*,*,#784,.F.);
#1005=ORIENTED_EDGE('',*,*,#762,.T.);
#1006=ORIENTED_EDGE('',*,*,#756,.F.);
#1007=ORIENTED_EDGE('',*,*,#771,.T.);
#1008=ORIENTED_EDGE('',*,*,#775,.F.);
#1009=ORIENTED_EDGE('',*,*,#785,.F.);
#1010=ORIENTED_EDGE('',*,*,#786,.T.);
#1011=ORIENTED_EDGE('',*,*,#755,.T.);
#1012=ORIENTED_EDGE('',*,*,#787,.T.);
#1013=ORIENTED_EDGE('',*,*,#788,.F.);
#1014=ORIENTED_EDGE('',*,*,#776,.F.);
#1015=ORIENTED_EDGE('',*,*,#772,.T.);
#1016=ORIENTED_EDGE('',*,*,#786,.F.);
#1017=ORIENTED_EDGE('',*,*,#789,.F.);
#1018=ORIENTED_EDGE('',*,*,#758,.T.);
#1019=ORIENTED_EDGE('',*,*,#761,.T.);
#1020=ORIENTED_EDGE('',*,*,#790,.F.);
#1021=ORIENTED_EDGE('',*,*,#791,.T.);
#1022=ORIENTED_EDGE('',*,*,#792,.T.);
#1023=ORIENTED_EDGE('',*,*,#793,.T.);
#1024=ORIENTED_EDGE('',*,*,#794,.T.);
#1025=ORIENTED_EDGE('',*,*,#795,.T.);
#1026=ORIENTED_EDGE('',*,*,#796,.F.);
#1027=ORIENTED_EDGE('',*,*,#797,.F.);
#1028=ORIENTED_EDGE('',*,*,#798,.F.);
#1029=ORIENTED_EDGE('',*,*,#799,.F.);
#1030=ORIENTED_EDGE('',*,*,#787,.F.);
#1031=ORIENTED_EDGE('',*,*,#800,.F.);
#1032=ORIENTED_EDGE('',*,*,#801,.F.);
#1033=ORIENTED_EDGE('',*,*,#802,.T.);
#1034=ORIENTED_EDGE('',*,*,#791,.F.);
#1035=ORIENTED_EDGE('',*,*,#803,.F.);
#1036=ORIENTED_EDGE('',*,*,#804,.T.);
#1037=ORIENTED_EDGE('',*,*,#792,.F.);
#1038=ORIENTED_EDGE('',*,*,#802,.F.);
#1039=ORIENTED_EDGE('',*,*,#805,.F.);
#1040=ORIENTED_EDGE('',*,*,#806,.T.);
#1041=ORIENTED_EDGE('',*,*,#793,.F.);
#1042=ORIENTED_EDGE('',*,*,#804,.F.);
#1043=ORIENTED_EDGE('',*,*,#807,.F.);
#1044=ORIENTED_EDGE('',*,*,#808,.T.);
#1045=ORIENTED_EDGE('',*,*,#794,.F.);
#1046=ORIENTED_EDGE('',*,*,#806,.F.);
#1047=ORIENTED_EDGE('',*,*,#809,.F.);
#1048=ORIENTED_EDGE('',*,*,#795,.F.);
#1049=ORIENTED_EDGE('',*,*,#808,.F.);
#1050=ORIENTED_EDGE('',*,*,#810,.F.);
#1051=ORIENTED_EDGE('',*,*,#810,.T.);
#1052=ORIENTED_EDGE('',*,*,#807,.T.);
#1053=ORIENTED_EDGE('',*,*,#805,.T.);
#1054=ORIENTED_EDGE('',*,*,#803,.T.);
#1055=ORIENTED_EDGE('',*,*,#801,.T.);
#1056=ORIENTED_EDGE('',*,*,#811,.F.);
#1057=ORIENTED_EDGE('',*,*,#812,.F.);
#1058=ORIENTED_EDGE('',*,*,#813,.F.);
#1059=ORIENTED_EDGE('',*,*,#814,.F.);
#1060=ORIENTED_EDGE('',*,*,#815,.F.);
#1061=ORIENTED_EDGE('',*,*,#816,.T.);
#1062=ORIENTED_EDGE('',*,*,#800,.T.);
#1063=ORIENTED_EDGE('',*,*,#790,.T.);
#1064=ORIENTED_EDGE('',*,*,#766,.T.);
#1065=ORIENTED_EDGE('',*,*,#789,.T.);
#1066=ORIENTED_EDGE('',*,*,#785,.T.);
#1067=ORIENTED_EDGE('',*,*,#774,.T.);
#1068=ORIENTED_EDGE('',*,*,#769,.T.);
#1069=ORIENTED_EDGE('',*,*,#784,.T.);
#1070=ORIENTED_EDGE('',*,*,#817,.T.);
#1071=ORIENTED_EDGE('',*,*,#818,.T.);
#1072=ORIENTED_EDGE('',*,*,#819,.F.);
#1073=ORIENTED_EDGE('',*,*,#820,.T.);
#1074=ORIENTED_EDGE('',*,*,#821,.F.);
#1075=ORIENTED_EDGE('',*,*,#811,.T.);
#1076=ORIENTED_EDGE('',*,*,#822,.T.);
#1077=ORIENTED_EDGE('',*,*,#823,.T.);
#1078=ORIENTED_EDGE('',*,*,#824,.T.);
#1079=ORIENTED_EDGE('',*,*,#825,.T.);
#1080=ORIENTED_EDGE('',*,*,#826,.T.);
#1081=ORIENTED_EDGE('',*,*,#827,.T.);
#1082=ORIENTED_EDGE('',*,*,#828,.T.);
#1083=ORIENTED_EDGE('',*,*,#829,.T.);
#1084=ORIENTED_EDGE('',*,*,#830,.F.);
#1085=ORIENTED_EDGE('',*,*,#831,.T.);
#1086=ORIENTED_EDGE('',*,*,#832,.T.);
#1087=ORIENTED_EDGE('',*,*,#833,.F.);
#1088=ORIENTED_EDGE('',*,*,#834,.F.);
#1089=ORIENTED_EDGE('',*,*,#835,.T.);
#1090=ORIENTED_EDGE('',*,*,#836,.T.);
#1091=ORIENTED_EDGE('',*,*,#831,.F.);
#1092=ORIENTED_EDGE('',*,*,#837,.F.);
#1093=ORIENTED_EDGE('',*,*,#838,.T.);
#1094=ORIENTED_EDGE('',*,*,#839,.T.);
#1095=ORIENTED_EDGE('',*,*,#835,.F.);
#1096=ORIENTED_EDGE('',*,*,#840,.F.);
#1097=ORIENTED_EDGE('',*,*,#833,.T.);
#1098=ORIENTED_EDGE('',*,*,#841,.T.);
#1099=ORIENTED_EDGE('',*,*,#838,.F.);
#1100=ORIENTED_EDGE('',*,*,#841,.F.);
#1101=ORIENTED_EDGE('',*,*,#832,.F.);
#1102=ORIENTED_EDGE('',*,*,#836,.F.);
#1103=ORIENTED_EDGE('',*,*,#839,.F.);
#1104=ORIENTED_EDGE('',*,*,#842,.F.);
#1105=ORIENTED_EDGE('',*,*,#843,.T.);
#1106=ORIENTED_EDGE('',*,*,#844,.F.);
#1107=ORIENTED_EDGE('',*,*,#779,.T.);
#1108=ORIENTED_EDGE('',*,*,#845,.F.);
#1109=ORIENTED_EDGE('',*,*,#797,.T.);
#1110=ORIENTED_EDGE('',*,*,#846,.F.);
#1111=ORIENTED_EDGE('',*,*,#814,.T.);
#1112=ORIENTED_EDGE('',*,*,#830,.T.);
#1113=ORIENTED_EDGE('',*,*,#840,.T.);
#1114=ORIENTED_EDGE('',*,*,#837,.T.);
#1115=ORIENTED_EDGE('',*,*,#834,.T.);
#1116=ORIENTED_EDGE('',*,*,#847,.T.);
#1117=ORIENTED_EDGE('',*,*,#848,.T.);
#1118=ORIENTED_EDGE('',*,*,#849,.T.);
#1119=ORIENTED_EDGE('',*,*,#850,.T.);
#1120=ORIENTED_EDGE('',*,*,#851,.F.);
#1121=ORIENTED_EDGE('',*,*,#852,.T.);
#1122=ORIENTED_EDGE('',*,*,#816,.F.);
#1123=ORIENTED_EDGE('',*,*,#852,.F.);
#1124=ORIENTED_EDGE('',*,*,#851,.T.);
#1125=ORIENTED_EDGE('',*,*,#819,.T.);
#1126=ORIENTED_EDGE('',*,*,#853,.T.);
#1127=ORIENTED_EDGE('',*,*,#854,.T.);
#1128=ORIENTED_EDGE('',*,*,#855,.T.);
#1129=ORIENTED_EDGE('',*,*,#856,.T.);
#1130=ORIENTED_EDGE('',*,*,#854,.F.);
#1131=ORIENTED_EDGE('',*,*,#857,.T.);
#1132=ORIENTED_EDGE('',*,*,#858,.T.);
#1133=ORIENTED_EDGE('',*,*,#859,.T.);
#1134=ORIENTED_EDGE('',*,*,#858,.F.);
#1135=ORIENTED_EDGE('',*,*,#842,.T.);
#1136=ORIENTED_EDGE('',*,*,#860,.T.);
#1137=ORIENTED_EDGE('',*,*,#821,.T.);
#1138=ORIENTED_EDGE('',*,*,#861,.T.);
#1139=ORIENTED_EDGE('',*,*,#862,.T.);
#1140=ORIENTED_EDGE('',*,*,#812,.T.);
#1141=ORIENTED_EDGE('',*,*,#813,.T.);
#1142=ORIENTED_EDGE('',*,*,#862,.F.);
#1143=ORIENTED_EDGE('',*,*,#863,.T.);
#1144=ORIENTED_EDGE('',*,*,#860,.F.);
#1145=ORIENTED_EDGE('',*,*,#856,.F.);
#1146=ORIENTED_EDGE('',*,*,#859,.F.);
#1147=ORIENTED_EDGE('',*,*,#863,.F.);
#1148=ORIENTED_EDGE('',*,*,#864,.F.);
#1149=ORIENTED_EDGE('',*,*,#865,.T.);
#1150=ORIENTED_EDGE('',*,*,#866,.T.);
#1151=ORIENTED_EDGE('',*,*,#867,.F.);
#1152=ORIENTED_EDGE('',*,*,#868,.T.);
#1153=ORIENTED_EDGE('',*,*,#866,.F.);
#1154=ORIENTED_EDGE('',*,*,#869,.F.);
#1155=ORIENTED_EDGE('',*,*,#870,.F.);
#1156=ORIENTED_EDGE('',*,*,#869,.T.);
#1157=ORIENTED_EDGE('',*,*,#865,.F.);
#1158=ORIENTED_EDGE('',*,*,#868,.F.);
#1159=ORIENTED_EDGE('',*,*,#822,.F.);
#1160=ORIENTED_EDGE('',*,*,#871,.T.);
#1161=ORIENTED_EDGE('',*,*,#872,.T.);
#1162=ORIENTED_EDGE('',*,*,#873,.F.);
#1163=ORIENTED_EDGE('',*,*,#825,.F.);
#1164=ORIENTED_EDGE('',*,*,#874,.T.);
#1165=ORIENTED_EDGE('',*,*,#875,.T.);
#1166=ORIENTED_EDGE('',*,*,#871,.F.);
#1167=ORIENTED_EDGE('',*,*,#824,.F.);
#1168=ORIENTED_EDGE('',*,*,#876,.T.);
#1169=ORIENTED_EDGE('',*,*,#877,.T.);
#1170=ORIENTED_EDGE('',*,*,#874,.F.);
#1171=ORIENTED_EDGE('',*,*,#823,.F.);
#1172=ORIENTED_EDGE('',*,*,#873,.T.);
#1173=ORIENTED_EDGE('',*,*,#878,.T.);
#1174=ORIENTED_EDGE('',*,*,#876,.F.);
#1175=ORIENTED_EDGE('',*,*,#878,.F.);
#1176=ORIENTED_EDGE('',*,*,#872,.F.);
#1177=ORIENTED_EDGE('',*,*,#875,.F.);
#1178=ORIENTED_EDGE('',*,*,#877,.F.);
#1179=ORIENTED_EDGE('',*,*,#879,.F.);
#1180=ORIENTED_EDGE('',*,*,#880,.T.);
#1181=ORIENTED_EDGE('',*,*,#881,.T.);
#1182=ORIENTED_EDGE('',*,*,#882,.F.);
#1183=ORIENTED_EDGE('',*,*,#883,.F.);
#1184=ORIENTED_EDGE('',*,*,#884,.T.);
#1185=ORIENTED_EDGE('',*,*,#885,.T.);
#1186=ORIENTED_EDGE('',*,*,#880,.F.);
#1187=ORIENTED_EDGE('',*,*,#886,.F.);
#1188=ORIENTED_EDGE('',*,*,#887,.T.);
#1189=ORIENTED_EDGE('',*,*,#888,.T.);
#1190=ORIENTED_EDGE('',*,*,#884,.F.);
#1191=ORIENTED_EDGE('',*,*,#889,.F.);
#1192=ORIENTED_EDGE('',*,*,#882,.T.);
#1193=ORIENTED_EDGE('',*,*,#890,.T.);
#1194=ORIENTED_EDGE('',*,*,#887,.F.);
#1195=ORIENTED_EDGE('',*,*,#890,.F.);
#1196=ORIENTED_EDGE('',*,*,#881,.F.);
#1197=ORIENTED_EDGE('',*,*,#885,.F.);
#1198=ORIENTED_EDGE('',*,*,#888,.F.);
#1199=ORIENTED_EDGE('',*,*,#826,.F.);
#1200=ORIENTED_EDGE('',*,*,#891,.T.);
#1201=ORIENTED_EDGE('',*,*,#892,.T.);
#1202=ORIENTED_EDGE('',*,*,#893,.F.);
#1203=ORIENTED_EDGE('',*,*,#829,.F.);
#1204=ORIENTED_EDGE('',*,*,#894,.T.);
#1205=ORIENTED_EDGE('',*,*,#895,.T.);
#1206=ORIENTED_EDGE('',*,*,#891,.F.);
#1207=ORIENTED_EDGE('',*,*,#828,.F.);
#1208=ORIENTED_EDGE('',*,*,#896,.T.);
#1209=ORIENTED_EDGE('',*,*,#897,.T.);
#1210=ORIENTED_EDGE('',*,*,#894,.F.);
#1211=ORIENTED_EDGE('',*,*,#827,.F.);
#1212=ORIENTED_EDGE('',*,*,#893,.T.);
#1213=ORIENTED_EDGE('',*,*,#898,.T.);
#1214=ORIENTED_EDGE('',*,*,#896,.F.);
#1215=ORIENTED_EDGE('',*,*,#898,.F.);
#1216=ORIENTED_EDGE('',*,*,#892,.F.);
#1217=ORIENTED_EDGE('',*,*,#895,.F.);
#1218=ORIENTED_EDGE('',*,*,#897,.F.);
#1219=ORIENTED_EDGE('',*,*,#899,.F.);
#1220=ORIENTED_EDGE('',*,*,#900,.T.);
#1221=ORIENTED_EDGE('',*,*,#901,.T.);
#1222=ORIENTED_EDGE('',*,*,#902,.F.);
#1223=ORIENTED_EDGE('',*,*,#903,.F.);
#1224=ORIENTED_EDGE('',*,*,#904,.T.);
#1225=ORIENTED_EDGE('',*,*,#905,.T.);
#1226=ORIENTED_EDGE('',*,*,#900,.F.);
#1227=ORIENTED_EDGE('',*,*,#906,.F.);
#1228=ORIENTED_EDGE('',*,*,#907,.T.);
#1229=ORIENTED_EDGE('',*,*,#908,.T.);
#1230=ORIENTED_EDGE('',*,*,#904,.F.);
#1231=ORIENTED_EDGE('',*,*,#909,.F.);
#1232=ORIENTED_EDGE('',*,*,#902,.T.);
#1233=ORIENTED_EDGE('',*,*,#910,.T.);
#1234=ORIENTED_EDGE('',*,*,#907,.F.);
#1235=ORIENTED_EDGE('',*,*,#910,.F.);
#1236=ORIENTED_EDGE('',*,*,#901,.F.);
#1237=ORIENTED_EDGE('',*,*,#905,.F.);
#1238=ORIENTED_EDGE('',*,*,#908,.F.);
#1239=ORIENTED_EDGE('',*,*,#911,.F.);
#1240=ORIENTED_EDGE('',*,*,#912,.T.);
#1241=ORIENTED_EDGE('',*,*,#913,.T.);
#1242=ORIENTED_EDGE('',*,*,#914,.F.);
#1243=ORIENTED_EDGE('',*,*,#915,.F.);
#1244=ORIENTED_EDGE('',*,*,#916,.T.);
#1245=ORIENTED_EDGE('',*,*,#917,.T.);
#1246=ORIENTED_EDGE('',*,*,#912,.F.);
#1247=ORIENTED_EDGE('',*,*,#918,.F.);
#1248=ORIENTED_EDGE('',*,*,#919,.T.);
#1249=ORIENTED_EDGE('',*,*,#920,.T.);
#1250=ORIENTED_EDGE('',*,*,#916,.F.);
#1251=ORIENTED_EDGE('',*,*,#921,.F.);
#1252=ORIENTED_EDGE('',*,*,#914,.T.);
#1253=ORIENTED_EDGE('',*,*,#922,.T.);
#1254=ORIENTED_EDGE('',*,*,#919,.F.);
#1255=ORIENTED_EDGE('',*,*,#922,.F.);
#1256=ORIENTED_EDGE('',*,*,#913,.F.);
#1257=ORIENTED_EDGE('',*,*,#917,.F.);
#1258=ORIENTED_EDGE('',*,*,#920,.F.);
#1259=ORIENTED_EDGE('',*,*,#817,.F.);
#1260=ORIENTED_EDGE('',*,*,#783,.F.);
#1261=ORIENTED_EDGE('',*,*,#782,.F.);
#1262=ORIENTED_EDGE('',*,*,#781,.F.);
#1263=ORIENTED_EDGE('',*,*,#923,.F.);
#1264=ORIENTED_EDGE('',*,*,#924,.F.);
#1265=ORIENTED_EDGE('',*,*,#925,.F.);
#1266=ORIENTED_EDGE('',*,*,#926,.F.);
#1267=ORIENTED_EDGE('',*,*,#853,.F.);
#1268=ORIENTED_EDGE('',*,*,#818,.F.);
#1269=ORIENTED_EDGE('',*,*,#926,.T.);
#1270=ORIENTED_EDGE('',*,*,#925,.T.);
#1271=ORIENTED_EDGE('',*,*,#924,.T.);
#1272=ORIENTED_EDGE('',*,*,#927,.F.);
#1273=ORIENTED_EDGE('',*,*,#843,.F.);
#1274=ORIENTED_EDGE('',*,*,#857,.F.);
#1275=ORIENTED_EDGE('',*,*,#923,.T.);
#1276=ORIENTED_EDGE('',*,*,#780,.T.);
#1277=ORIENTED_EDGE('',*,*,#844,.T.);
#1278=ORIENTED_EDGE('',*,*,#927,.T.);
#1279=ORIENTED_EDGE('',*,*,#911,.T.);
#1280=ORIENTED_EDGE('',*,*,#921,.T.);
#1281=ORIENTED_EDGE('',*,*,#918,.T.);
#1282=ORIENTED_EDGE('',*,*,#915,.T.);
#1283=ORIENTED_EDGE('',*,*,#798,.T.);
#1284=ORIENTED_EDGE('',*,*,#845,.T.);
#1285=ORIENTED_EDGE('',*,*,#778,.T.);
#1286=ORIENTED_EDGE('',*,*,#928,.F.);
#1287=ORIENTED_EDGE('',*,*,#870,.T.);
#1288=ORIENTED_EDGE('',*,*,#867,.T.);
#1289=ORIENTED_EDGE('',*,*,#799,.T.);
#1290=ORIENTED_EDGE('',*,*,#928,.T.);
#1291=ORIENTED_EDGE('',*,*,#777,.T.);
#1292=ORIENTED_EDGE('',*,*,#788,.T.);
#1293=ORIENTED_EDGE('',*,*,#855,.F.);
#1294=ORIENTED_EDGE('',*,*,#864,.T.);
#1295=ORIENTED_EDGE('',*,*,#861,.F.);
#1296=ORIENTED_EDGE('',*,*,#820,.F.);
#1297=ORIENTED_EDGE('',*,*,#809,.T.);
#1298=ORIENTED_EDGE('',*,*,#815,.T.);
#1299=ORIENTED_EDGE('',*,*,#846,.T.);
#1300=ORIENTED_EDGE('',*,*,#796,.T.);
#1301=ORIENTED_EDGE('',*,*,#879,.T.);
#1302=ORIENTED_EDGE('',*,*,#889,.T.);
#1303=ORIENTED_EDGE('',*,*,#886,.T.);
#1304=ORIENTED_EDGE('',*,*,#883,.T.);
#1305=ORIENTED_EDGE('',*,*,#899,.T.);
#1306=ORIENTED_EDGE('',*,*,#909,.T.);
#1307=ORIENTED_EDGE('',*,*,#906,.T.);
#1308=ORIENTED_EDGE('',*,*,#903,.T.);
#1309=ORIENTED_EDGE('',*,*,#847,.F.);
#1310=ORIENTED_EDGE('',*,*,#929,.F.);
#1311=ORIENTED_EDGE('',*,*,#930,.F.);
#1312=ORIENTED_EDGE('',*,*,#931,.F.);
#1313=ORIENTED_EDGE('',*,*,#931,.T.);
#1314=ORIENTED_EDGE('',*,*,#932,.F.);
#1315=ORIENTED_EDGE('',*,*,#933,.F.);
#1316=ORIENTED_EDGE('',*,*,#848,.F.);
#1317=ORIENTED_EDGE('',*,*,#849,.F.);
#1318=ORIENTED_EDGE('',*,*,#933,.T.);
#1319=ORIENTED_EDGE('',*,*,#934,.F.);
#1320=ORIENTED_EDGE('',*,*,#935,.F.);
#1321=ORIENTED_EDGE('',*,*,#929,.T.);
#1322=ORIENTED_EDGE('',*,*,#850,.F.);
#1323=ORIENTED_EDGE('',*,*,#935,.T.);
#1324=ORIENTED_EDGE('',*,*,#936,.F.);
#1325=ORIENTED_EDGE('',*,*,#930,.T.);
#1326=ORIENTED_EDGE('',*,*,#936,.T.);
#1327=ORIENTED_EDGE('',*,*,#934,.T.);
#1328=ORIENTED_EDGE('',*,*,#932,.T.);
#1329=ORIENTED_EDGE('',*,*,#937,.F.);
#1330=ORIENTED_EDGE('',*,*,#938,.T.);
#1331=ORIENTED_EDGE('',*,*,#939,.F.);
#1332=ORIENTED_EDGE('',*,*,#940,.F.);
#1333=ORIENTED_EDGE('',*,*,#941,.F.);
#1334=ORIENTED_EDGE('',*,*,#942,.T.);
#1335=ORIENTED_EDGE('',*,*,#940,.T.);
#1336=ORIENTED_EDGE('',*,*,#943,.F.);
#1337=ORIENTED_EDGE('',*,*,#938,.F.);
#1338=ORIENTED_EDGE('',*,*,#943,.T.);
#1339=ORIENTED_EDGE('',*,*,#939,.T.);
#1340=ORIENTED_EDGE('',*,*,#941,.T.);
#1341=ORIENTED_EDGE('',*,*,#937,.T.);
#1342=ORIENTED_EDGE('',*,*,#942,.F.);
#1343=ORIENTED_EDGE('',*,*,#944,.T.);
#1344=ORIENTED_EDGE('',*,*,#945,.F.);
#1345=ORIENTED_EDGE('',*,*,#946,.F.);
#1346=ORIENTED_EDGE('',*,*,#947,.T.);
#1347=ORIENTED_EDGE('',*,*,#948,.T.);
#1348=ORIENTED_EDGE('',*,*,#944,.F.);
#1349=ORIENTED_EDGE('',*,*,#946,.T.);
#1350=ORIENTED_EDGE('',*,*,#949,.T.);
#1351=ORIENTED_EDGE('',*,*,#947,.F.);
#1352=ORIENTED_EDGE('',*,*,#950,.F.);
#1353=ORIENTED_EDGE('',*,*,#945,.T.);
#1354=ORIENTED_EDGE('',*,*,#950,.T.);
#1355=ORIENTED_EDGE('',*,*,#948,.F.);
#1356=ORIENTED_EDGE('',*,*,#949,.F.);
#1357=ORIENTED_EDGE('',*,*,#951,.T.);
#1358=ORIENTED_EDGE('',*,*,#952,.F.);
#1359=ORIENTED_EDGE('',*,*,#953,.T.);
#1360=ORIENTED_EDGE('',*,*,#954,.F.);
#1361=ORIENTED_EDGE('',*,*,#955,.F.);
#1362=ORIENTED_EDGE('',*,*,#956,.T.);
#1363=ORIENTED_EDGE('',*,*,#955,.T.);
#1364=ORIENTED_EDGE('',*,*,#957,.F.);
#1365=ORIENTED_EDGE('',*,*,#953,.F.);
#1366=ORIENTED_EDGE('',*,*,#957,.T.);
#1367=ORIENTED_EDGE('',*,*,#954,.T.);
#1368=ORIENTED_EDGE('',*,*,#956,.F.);
#1369=ORIENTED_EDGE('',*,*,#952,.T.);
#1370=ORIENTED_EDGE('',*,*,#951,.F.);
#1371=ORIENTED_EDGE('',*,*,#958,.F.);
#1372=ORIENTED_EDGE('',*,*,#959,.T.);
#1373=ORIENTED_EDGE('',*,*,#960,.F.);
#1374=ORIENTED_EDGE('',*,*,#961,.T.);
#1375=ORIENTED_EDGE('',*,*,#962,.T.);
#1376=ORIENTED_EDGE('',*,*,#958,.T.);
#1377=ORIENTED_EDGE('',*,*,#963,.T.);
#1378=ORIENTED_EDGE('',*,*,#961,.F.);
#1379=ORIENTED_EDGE('',*,*,#964,.F.);
#1380=ORIENTED_EDGE('',*,*,#960,.T.);
#1381=ORIENTED_EDGE('',*,*,#959,.F.);
#1382=ORIENTED_EDGE('',*,*,#964,.T.);
#1383=ORIENTED_EDGE('',*,*,#962,.F.);
#1384=ORIENTED_EDGE('',*,*,#963,.F.);
#1385=PLANE('',#1562);
#1386=PLANE('',#1563);
#1387=PLANE('',#1564);
#1388=PLANE('',#1565);
#1389=PLANE('',#1566);
#1390=PLANE('',#1567);
#1391=PLANE('',#1568);
#1392=PLANE('',#1569);
#1393=PLANE('',#1573);
#1394=PLANE('',#1574);
#1395=PLANE('',#1577);
#1396=PLANE('',#1580);
#1397=PLANE('',#1583);
#1398=PLANE('',#1584);
#1399=PLANE('',#1586);
#1400=PLANE('',#1587);
#1401=PLANE('',#1588);
#1402=PLANE('',#1589);
#1403=PLANE('',#1590);
#1404=PLANE('',#1591);
#1405=PLANE('',#1592);
#1406=PLANE('',#1595);
#1407=PLANE('',#1603);
#1408=PLANE('',#1610);
#1409=PLANE('',#1611);
#1410=PLANE('',#1612);
#1411=PLANE('',#1613);
#1412=PLANE('',#1614);
#1413=PLANE('',#1615);
#1414=PLANE('',#1616);
#1415=PLANE('',#1617);
#1416=PLANE('',#1618);
#1417=PLANE('',#1619);
#1418=PLANE('',#1620);
#1419=PLANE('',#1621);
#1420=PLANE('',#1622);
#1421=PLANE('',#1623);
#1422=PLANE('',#1624);
#1423=PLANE('',#1625);
#1424=PLANE('',#1626);
#1425=PLANE('',#1627);
#1426=PLANE('',#1628);
#1427=PLANE('',#1629);
#1428=PLANE('',#1630);
#1429=PLANE('',#1631);
#1430=PLANE('',#1632);
#1431=PLANE('',#1633);
#1432=PLANE('',#1634);
#1433=PLANE('',#1639);
#1434=PLANE('',#1640);
#1435=PLANE('',#1641);
#1436=PLANE('',#1642);
#1437=PLANE('',#1643);
#1438=PLANE('',#1644);
#1439=PLANE('',#1645);
#1440=PLANE('',#1646);
#1441=PLANE('',#1647);
#1442=PLANE('',#1648);
#1443=PLANE('',#1649);
#1444=PLANE('',#1654);
#1445=PLANE('',#1655);
#1446=PLANE('',#1656);
#1447=PLANE('',#1659);
#1448=PLANE('',#1662);
#1449=PLANE('',#1667);
#1450=PLANE('',#1668);
#1451=PLANE('',#1669);
#1452=PLANE('',#1670);
#1453=PLANE('',#1673);
#1454=PLANE('',#1675);
#1455=ADVANCED_FACE('',(#87),#1385,.F.);
#1456=ADVANCED_FACE('',(#88),#1386,.F.);
#1457=ADVANCED_FACE('',(#89),#1387,.T.);
#1458=ADVANCED_FACE('',(#90),#1388,.T.);
#1459=ADVANCED_FACE('',(#91),#1389,.T.);
#1460=ADVANCED_FACE('',(#92),#1390,.F.);
#1461=ADVANCED_FACE('',(#93),#1391,.F.);
#1462=ADVANCED_FACE('',(#94),#1392,.F.);
#1463=ADVANCED_FACE('',(#95),#53,.T.);
#1464=ADVANCED_FACE('',(#96),#54,.T.);
#1465=ADVANCED_FACE('',(#97),#1393,.T.);
#1466=ADVANCED_FACE('',(#98),#1394,.T.);
#1467=ADVANCED_FACE('',(#99),#1395,.F.);
#1468=ADVANCED_FACE('',(#100),#40,.F.);
#1469=ADVANCED_FACE('',(#101),#1396,.F.);
#1470=ADVANCED_FACE('',(#102),#41,.F.);
#1471=ADVANCED_FACE('',(#103),#1397,.F.);
#1472=ADVANCED_FACE('',(#104,#30),#1398,.F.);
#1473=ADVANCED_FACE('',(#105,#31,#32),#1399,.T.);
#1474=ADVANCED_FACE('',(#106),#1400,.F.);
#1475=ADVANCED_FACE('',(#107),#1401,.F.);
#1476=ADVANCED_FACE('',(#108),#1402,.F.);
#1477=ADVANCED_FACE('',(#109),#1403,.F.);
#1478=ADVANCED_FACE('',(#110),#1404,.F.);
#1479=ADVANCED_FACE('',(#111,#33,#34),#1405,.T.);
#1480=ADVANCED_FACE('',(#112),#42,.T.);
#1481=ADVANCED_FACE('',(#113),#1406,.T.);
#1482=ADVANCED_FACE('',(#114),#55,.F.);
#1483=ADVANCED_FACE('',(#115),#43,.T.);
#1484=ADVANCED_FACE('',(#116),#44,.T.);
#1485=ADVANCED_FACE('',(#117),#56,.F.);
#1486=ADVANCED_FACE('',(#118),#45,.T.);
#1487=ADVANCED_FACE('',(#119,#35),#1407,.T.);
#1488=ADVANCED_FACE('',(#120),#46,.F.);
#1489=ADVANCED_FACE('',(#121),#47,.F.);
#1490=ADVANCED_FACE('',(#122),#1408,.F.);
#1491=ADVANCED_FACE('',(#123),#1409,.F.);
#1492=ADVANCED_FACE('',(#124),#1410,.F.);
#1493=ADVANCED_FACE('',(#125),#1411,.F.);
#1494=ADVANCED_FACE('',(#126),#1412,.F.);
#1495=ADVANCED_FACE('',(#127),#1413,.F.);
#1496=ADVANCED_FACE('',(#128),#1414,.F.);
#1497=ADVANCED_FACE('',(#129),#1415,.F.);
#1498=ADVANCED_FACE('',(#130),#1416,.F.);
#1499=ADVANCED_FACE('',(#131),#1417,.F.);
#1500=ADVANCED_FACE('',(#132),#1418,.F.);
#1501=ADVANCED_FACE('',(#133),#1419,.F.);
#1502=ADVANCED_FACE('',(#134),#1420,.F.);
#1503=ADVANCED_FACE('',(#135),#1421,.F.);
#1504=ADVANCED_FACE('',(#136),#1422,.F.);
#1505=ADVANCED_FACE('',(#137),#1423,.F.);
#1506=ADVANCED_FACE('',(#138),#1424,.F.);
#1507=ADVANCED_FACE('',(#139),#1425,.F.);
#1508=ADVANCED_FACE('',(#140),#1426,.F.);
#1509=ADVANCED_FACE('',(#141),#1427,.F.);
#1510=ADVANCED_FACE('',(#142),#1428,.F.);
#1511=ADVANCED_FACE('',(#143),#1429,.F.);
#1512=ADVANCED_FACE('',(#144),#1430,.F.);
#1513=ADVANCED_FACE('',(#145),#1431,.F.);
#1514=ADVANCED_FACE('',(#146),#1432,.F.);
#1515=ADVANCED_FACE('',(#147),#48,.F.);
#1516=ADVANCED_FACE('',(#148),#1433,.T.);
#1517=ADVANCED_FACE('',(#149,#36),#1434,.T.);
#1518=ADVANCED_FACE('',(#150,#37),#1435,.F.);
#1519=ADVANCED_FACE('',(#151),#1436,.T.);
#1520=ADVANCED_FACE('',(#152),#27,.F.);
#1521=ADVANCED_FACE('',(#153,#38,#39),#1437,.T.);
#1522=ADVANCED_FACE('',(#154),#1438,.F.);
#1523=ADVANCED_FACE('',(#155),#1439,.T.);
#1524=ADVANCED_FACE('',(#156),#1440,.T.);
#1525=ADVANCED_FACE('',(#157),#1441,.T.);
#1526=ADVANCED_FACE('',(#158),#1442,.T.);
#1527=ADVANCED_FACE('',(#159),#1443,.T.);
#1528=ADVANCED_FACE('',(#160),#49,.T.);
#1529=ADVANCED_FACE('',(#161),#1444,.T.);
#1530=ADVANCED_FACE('',(#162),#1445,.F.);
#1531=ADVANCED_FACE('',(#163),#1446,.F.);
#1532=ADVANCED_FACE('',(#164),#1447,.T.);
#1533=ADVANCED_FACE('',(#165),#50,.T.);
#1534=ADVANCED_FACE('',(#166),#1448,.T.);
#1535=ADVANCED_FACE('',(#167),#51,.T.);
#1536=ADVANCED_FACE('',(#168),#1449,.T.);
#1537=ADVANCED_FACE('',(#169),#1450,.T.);
#1538=ADVANCED_FACE('',(#170),#1451,.F.);
#1539=ADVANCED_FACE('',(#171),#1452,.F.);
#1540=ADVANCED_FACE('',(#172),#1453,.T.);
#1541=ADVANCED_FACE('',(#173),#1454,.T.);
#1542=ADVANCED_FACE('',(#174),#52,.T.);
#1543=CLOSED_SHELL('',(#1455,#1456,#1457,#1458,#1459,#1460,#1461,#1462,
#1463,#1464,#1465,#1466,#1467,#1468,#1469,#1470,#1471,#1472,#1473,#1474,
#1475,#1476,#1477,#1478,#1479,#1480,#1481,#1482,#1483,#1484,#1485,#1486,
#1487,#1488,#1489,#1490,#1491,#1492,#1493,#1494,#1495,#1496,#1497,#1498,
#1499,#1500,#1501,#1502,#1503,#1504,#1505,#1506,#1507,#1508,#1509,#1510,
#1511,#1512,#1513,#1514,#1515,#1516,#1517,#1518,#1519,#1520,#1521,#1522,
#1523,#1524,#1525,#1526));
#1544=CLOSED_SHELL('',(#1527,#1528,#1529,#1530));
#1545=CLOSED_SHELL('',(#1531,#1532,#1533,#1534));
#1546=CLOSED_SHELL('',(#1535,#1536,#1537,#1538));
#1547=CLOSED_SHELL('',(#1539,#1540,#1541,#1542));
#1548=DERIVED_UNIT_ELEMENT(#1550,1.);
#1549=DERIVED_UNIT_ELEMENT(#2827,-3.);
#1550=(
MASS_UNIT()
NAMED_UNIT(*)
SI_UNIT(.KILO.,.GRAM.)
);
#1551=DERIVED_UNIT((#1548,#1549));
#1552=MEASURE_REPRESENTATION_ITEM('density measure',
POSITIVE_RATIO_MEASURE(7850.),#1551);
#1553=PROPERTY_DEFINITION_REPRESENTATION(#1558,#1555);
#1554=PROPERTY_DEFINITION_REPRESENTATION(#1559,#1556);
#1555=REPRESENTATION('material name',(#1557),#2824);
#1556=REPRESENTATION('density',(#1552),#2824);
#1557=DESCRIPTIVE_REPRESENTATION_ITEM('Steel','Steel');
#1558=PROPERTY_DEFINITION('material property','material name',#2839);
#1559=PROPERTY_DEFINITION('material property','density of part',#2839);
#1560=AXIS2_PLACEMENT_3D('',#2078,#1678,#1679);
#1561=AXIS2_PLACEMENT_3D('',#2079,#1680,#1681);
#1562=AXIS2_PLACEMENT_3D('',#2080,#1682,#1683);
#1563=AXIS2_PLACEMENT_3D('',#2094,#1687,#1688);
#1564=AXIS2_PLACEMENT_3D('',#2104,#1694,#1695);
#1565=AXIS2_PLACEMENT_3D('',#2110,#1699,#1700);
#1566=AXIS2_PLACEMENT_3D('',#2114,#1703,#1704);
#1567=AXIS2_PLACEMENT_3D('',#2118,#1707,#1708);
#1568=AXIS2_PLACEMENT_3D('',#2129,#1711,#1712);
#1569=AXIS2_PLACEMENT_3D('',#2144,#1714,#1715);
#1570=AXIS2_PLACEMENT_3D('',#2162,#1720,#1721);
#1571=AXIS2_PLACEMENT_3D('',#2164,#1722,#1723);
#1572=AXIS2_PLACEMENT_3D('',#2166,#1724,#1725);
#1573=AXIS2_PLACEMENT_3D('',#2226,#1727,#1728);
#1574=AXIS2_PLACEMENT_3D('',#2228,#1730,#1731);
#1575=AXIS2_PLACEMENT_3D('',#2234,#1734,#1735);
#1576=AXIS2_PLACEMENT_3D('',#2238,#1737,#1738);
#1577=AXIS2_PLACEMENT_3D('',#2248,#1744,#1745);
#1578=AXIS2_PLACEMENT_3D('',#2254,#1749,#1750);
#1579=AXIS2_PLACEMENT_3D('',#2256,#1751,#1752);
#1580=AXIS2_PLACEMENT_3D('',#2258,#1754,#1755);
#1581=AXIS2_PLACEMENT_3D('',#2262,#1758,#1759);
#1582=AXIS2_PLACEMENT_3D('',#2264,#1760,#1761);
#1583=AXIS2_PLACEMENT_3D('',#2266,#1763,#1764);
#1584=AXIS2_PLACEMENT_3D('',#2270,#1767,#1768);
#1585=AXIS2_PLACEMENT_3D('',#2295,#1773,#1774);
#1586=AXIS2_PLACEMENT_3D('',#2296,#1775,#1776);
#1587=AXIS2_PLACEMENT_3D('',#2344,#1788,#1789);
#1588=AXIS2_PLACEMENT_3D('',#2353,#1794,#1795);
#1589=AXIS2_PLACEMENT_3D('',#2359,#1799,#1800);
#1590=AXIS2_PLACEMENT_3D('',#2365,#1804,#1805);
#1591=AXIS2_PLACEMENT_3D('',#2368,#1808,#1809);
#1592=AXIS2_PLACEMENT_3D('',#2369,#1810,#1811);
#1593=AXIS2_PLACEMENT_3D('',#2385,#1821,#1822);
#1594=AXIS2_PLACEMENT_3D('',#2387,#1823,#1824);
#1595=AXIS2_PLACEMENT_3D('',#2389,#1826,#1827);
#1596=AXIS2_PLACEMENT_3D('',#2476,#1828,#1829);
#1597=AXIS2_PLACEMENT_3D('',#2491,#1830,#1831);
#1598=AXIS2_PLACEMENT_3D('',#2495,#1834,#1835);
#1599=AXIS2_PLACEMENT_3D('',#2496,#1836,#1837);
#1600=AXIS2_PLACEMENT_3D('',#2499,#1839,#1840);
#1601=AXIS2_PLACEMENT_3D('',#2591,#1841,#1842);
#1602=AXIS2_PLACEMENT_3D('',#2592,#1843,#1844);
#1603=AXIS2_PLACEMENT_3D('',#2594,#1846,#1847);
#1604=AXIS2_PLACEMENT_3D('',#2598,#1849,#1850);
#1605=AXIS2_PLACEMENT_3D('',#2599,#1851,#1852);
#1606=AXIS2_PLACEMENT_3D('',#2600,#1853,#1854);
#1607=AXIS2_PLACEMENT_3D('',#2603,#1855,#1856);
#1608=AXIS2_PLACEMENT_3D('',#2606,#1859,#1860);
#1609=AXIS2_PLACEMENT_3D('',#2607,#1861,#1862);
#1610=AXIS2_PLACEMENT_3D('',#2608,#1863,#1864);
#1611=AXIS2_PLACEMENT_3D('',#2614,#1868,#1869);
#1612=AXIS2_PLACEMENT_3D('',#2618,#1872,#1873);
#1613=AXIS2_PLACEMENT_3D('',#2622,#1876,#1877);
#1614=AXIS2_PLACEMENT_3D('',#2624,#1879,#1880);
#1615=AXIS2_PLACEMENT_3D('',#2625,#1881,#1882);
#1616=AXIS2_PLACEMENT_3D('',#2634,#1887,#1888);
#1617=AXIS2_PLACEMENT_3D('',#2640,#1892,#1893);
#1618=AXIS2_PLACEMENT_3D('',#2646,#1897,#1898);
#1619=AXIS2_PLACEMENT_3D('',#2649,#1901,#1902);
#1620=AXIS2_PLACEMENT_3D('',#2650,#1903,#1904);
#1621=AXIS2_PLACEMENT_3D('',#2656,#1908,#1909);
#1622=AXIS2_PLACEMENT_3D('',#2660,#1912,#1913);
#1623=AXIS2_PLACEMENT_3D('',#2664,#1916,#1917);
#1624=AXIS2_PLACEMENT_3D('',#2666,#1919,#1920);
#1625=AXIS2_PLACEMENT_3D('',#2667,#1921,#1922);
#1626=AXIS2_PLACEMENT_3D('',#2676,#1927,#1928);
#1627=AXIS2_PLACEMENT_3D('',#2682,#1932,#1933);
#1628=AXIS2_PLACEMENT_3D('',#2688,#1937,#1938);
#1629=AXIS2_PLACEMENT_3D('',#2691,#1941,#1942);
#1630=AXIS2_PLACEMENT_3D('',#2692,#1943,#1944);
#1631=AXIS2_PLACEMENT_3D('',#2701,#1949,#1950);
#1632=AXIS2_PLACEMENT_3D('',#2707,#1954,#1955);
#1633=AXIS2_PLACEMENT_3D('',#2713,#1959,#1960);
#1634=AXIS2_PLACEMENT_3D('',#2716,#1963,#1964);
#1635=AXIS2_PLACEMENT_3D('',#2717,#1965,#1966);
#1636=AXIS2_PLACEMENT_3D('',#2721,#1968,#1969);
#1637=AXIS2_PLACEMENT_3D('',#2723,#1970,#1971);
#1638=AXIS2_PLACEMENT_3D('',#2724,#1972,#1973);
#1639=AXIS2_PLACEMENT_3D('',#2725,#1974,#1975);
#1640=AXIS2_PLACEMENT_3D('',#2727,#1977,#1978);
#1641=AXIS2_PLACEMENT_3D('',#2728,#1979,#1980);
#1642=AXIS2_PLACEMENT_3D('',#2730,#1982,#1983);
#1643=AXIS2_PLACEMENT_3D('',#2737,#1984,#1985);
#1644=AXIS2_PLACEMENT_3D('',#2738,#1986,#1987);
#1645=AXIS2_PLACEMENT_3D('',#2744,#1991,#1992);
#1646=AXIS2_PLACEMENT_3D('',#2748,#1995,#1996);
#1647=AXIS2_PLACEMENT_3D('',#2752,#1999,#2000);
#1648=AXIS2_PLACEMENT_3D('',#2754,#2002,#2003);
#1649=AXIS2_PLACEMENT_3D('',#2755,#2004,#2005);
#1650=AXIS2_PLACEMENT_3D('',#2764,#2010,#2011);
#1651=AXIS2_PLACEMENT_3D('',#2766,#2012,#2013);
#1652=AXIS2_PLACEMENT_3D('',#2767,#2014,#2015);
#1653=AXIS2_PLACEMENT_3D('',#2768,#2016,#2017);
#1654=AXIS2_PLACEMENT_3D('',#2769,#2018,#2019);
#1655=AXIS2_PLACEMENT_3D('',#2770,#2020,#2021);
#1656=AXIS2_PLACEMENT_3D('',#2771,#2022,#2023);
#1657=AXIS2_PLACEMENT_3D('',#2774,#2024,#2025);
#1658=AXIS2_PLACEMENT_3D('',#2777,#2027,#2028);
#1659=AXIS2_PLACEMENT_3D('',#2778,#2029,#2030);
#1660=AXIS2_PLACEMENT_3D('',#2781,#2031,#2032);
#1661=AXIS2_PLACEMENT_3D('',#2783,#2034,#2035);
#1662=AXIS2_PLACEMENT_3D('',#2786,#2038,#2039);
#1663=AXIS2_PLACEMENT_3D('',#2787,#2040,#2041);
#1664=AXIS2_PLACEMENT_3D('',#2790,#2042,#2043);
#1665=AXIS2_PLACEMENT_3D('',#2792,#2044,#2045);
#1666=AXIS2_PLACEMENT_3D('',#2796,#2047,#2048);
#1667=AXIS2_PLACEMENT_3D('',#2798,#2050,#2051);
#1668=AXIS2_PLACEMENT_3D('',#2801,#2054,#2055);
#1669=AXIS2_PLACEMENT_3D('',#2802,#2056,#2057);
#1670=AXIS2_PLACEMENT_3D('',#2803,#2058,#2059);
#1671=AXIS2_PLACEMENT_3D('',#2808,#2061,#2062);
#1672=AXIS2_PLACEMENT_3D('',#2809,#2063,#2064);
#1673=AXIS2_PLACEMENT_3D('',#2810,#2065,#2066);
#1674=AXIS2_PLACEMENT_3D('',#2814,#2068,#2069);
#1675=AXIS2_PLACEMENT_3D('',#2815,#2070,#2071);
#1676=AXIS2_PLACEMENT_3D('',#2818,#2074,#2075);
#1677=AXIS2_PLACEMENT_3D('',#2819,#2076,#2077);
#1678=DIRECTION('axis',(0.,0.,1.));
#1679=DIRECTION('refdir',(1.,0.,0.));
#1680=DIRECTION('axis',(0.,0.,1.));
#1681=DIRECTION('refdir',(1.,0.,0.));
#1682=DIRECTION('center_axis',(-1.,0.,0.));
#1683=DIRECTION('ref_axis',(0.,0.,-1.));
#1684=DIRECTION('',(0.,-1.,0.));
#1685=DIRECTION('',(0.,0.,-1.));
#1686=DIRECTION('',(0.,-1.,0.));
#1687=DIRECTION('center_axis',(0.,-1.,0.));
#1688=DIRECTION('ref_axis',(0.,0.,-1.));
#1689=DIRECTION('',(0.,0.,1.));
#1690=DIRECTION('',(1.,0.,0.));
#1691=DIRECTION('',(1.,0.,0.));
#1692=DIRECTION('',(-1.,0.,0.));
#1693=DIRECTION('',(-1.,0.,0.));
#1694=DIRECTION('center_axis',(0.,0.,-1.));
#1695=DIRECTION('ref_axis',(-1.,0.,0.));
#1696=DIRECTION('',(0.,-1.,0.));
#1697=DIRECTION('',(-1.,0.,0.));
#1698=DIRECTION('',(0.,-1.,0.));
#1699=DIRECTION('center_axis',(1.,0.,0.));
#1700=DIRECTION('ref_axis',(0.,0.,-1.));
#1701=DIRECTION('',(0.,1.,0.));
#1702=DIRECTION('',(0.,0.,-1.));
#1703=DIRECTION('center_axis',(0.,0.,1.));
#1704=DIRECTION('ref_axis',(1.,0.,0.));
#1705=DIRECTION('',(0.,1.,0.));
#1706=DIRECTION('',(-1.,0.,0.));
#1707=DIRECTION('center_axis',(0.,1.,0.));
#1708=DIRECTION('ref_axis',(1.,0.,0.));
#1709=DIRECTION('',(-1.,0.,0.));
#1710=DIRECTION('',(1.,0.,0.));
#1711=DIRECTION('center_axis',(0.,0.,1.));
#1712=DIRECTION('ref_axis',(1.,0.,0.));
#1713=DIRECTION('',(0.,1.,0.));
#1714=DIRECTION('center_axis',(0.,0.,1.));
#1715=DIRECTION('ref_axis',(1.,0.,0.));
#1716=DIRECTION('',(1.,0.,0.));
#1717=DIRECTION('',(0.,-1.,-1.38777878078145E-16));
#1718=DIRECTION('',(-1.,-4.93038065763134E-32,1.11022302462516E-15));
#1719=DIRECTION('',(0.,1.,0.));
#1720=DIRECTION('center_axis',(0.,0.,1.));
#1721=DIRECTION('ref_axis',(1.,0.,0.));
#1722=DIRECTION('center_axis',(0.,0.,1.));
#1723=DIRECTION('ref_axis',(1.,0.,0.));
#1724=DIRECTION('center_axis',(0.,0.,1.));
#1725=DIRECTION('ref_axis',(1.,0.,0.));
#1726=DIRECTION('',(0.,1.,0.));
#1727=DIRECTION('center_axis',(0.,0.,1.));
#1728=DIRECTION('ref_axis',(1.,0.,0.));
#1729=DIRECTION('',(0.,-1.,0.));
#1730=DIRECTION('center_axis',(0.,0.,1.));
#1731=DIRECTION('ref_axis',(1.,0.,0.));
#1732=DIRECTION('',(0.,-1.,0.));
#1733=DIRECTION('',(-1.,0.,0.));
#1734=DIRECTION('center_axis',(0.,0.,-1.));
#1735=DIRECTION('ref_axis',(0.,-1.,0.));
#1736=DIRECTION('',(3.12738880176102E-15,1.,0.));
#1737=DIRECTION('center_axis',(0.,0.,-1.));
#1738=DIRECTION('ref_axis',(-1.,0.,0.));
#1739=DIRECTION('',(1.,0.,0.));
#1740=DIRECTION('',(0.,-1.,0.));
#1741=DIRECTION('',(1.,0.,0.));
#1742=DIRECTION('',(0.,1.,1.11022302462516E-15));
#1743=DIRECTION('',(-1.,0.,0.));
#1744=DIRECTION('center_axis',(0.,-1.,0.));
#1745=DIRECTION('ref_axis',(1.,0.,-2.37331988177909E-32));
#1746=DIRECTION('',(0.,0.,1.));
#1747=DIRECTION('',(1.,0.,0.));
#1748=DIRECTION('',(0.,0.,1.));
#1749=DIRECTION('center_axis',(0.,0.,1.));
#1750=DIRECTION('ref_axis',(0.,-1.,0.));
#1751=DIRECTION('center_axis',(0.,0.,1.));
#1752=DIRECTION('ref_axis',(0.,-1.,0.));
#1753=DIRECTION('',(0.,0.,1.));
#1754=DIRECTION('center_axis',(-1.,3.12738880176102E-15,0.));
#1755=DIRECTION('ref_axis',(-3.12738880176102E-15,-1.,6.9378597551126E-46));
#1756=DIRECTION('',(-3.12738880176102E-15,-1.,0.));
#1757=DIRECTION('',(0.,0.,1.));
#1758=DIRECTION('center_axis',(0.,0.,1.));
#1759=DIRECTION('ref_axis',(-1.,0.,0.));
#1760=DIRECTION('center_axis',(0.,0.,1.));
#1761=DIRECTION('ref_axis',(-1.,0.,0.));
#1762=DIRECTION('',(0.,0.,1.));
#1763=DIRECTION('center_axis',(0.,1.,0.));
#1764=DIRECTION('ref_axis',(-1.,0.,2.37331988177908E-32));
#1765=DIRECTION('',(0.,0.,-1.));
#1766=DIRECTION('',(-1.,0.,0.));
#1767=DIRECTION('center_axis',(0.,0.,1.));
#1768=DIRECTION('ref_axis',(1.,0.,0.));
#1769=DIRECTION('',(0.,1.,-4.90706309226588E-16));
#1770=DIRECTION('',(3.09758357699285E-16,-1.,0.));
#1771=DIRECTION('',(-1.,5.56781857886237E-16,1.11356371577247E-15));
#1772=DIRECTION('',(0.,1.,-4.90706309226588E-16));
#1773=DIRECTION('center_axis',(0.,0.,1.));
#1774=DIRECTION('ref_axis',(-1.,0.,0.));
#1775=DIRECTION('center_axis',(1.,0.,0.));
#1776=DIRECTION('ref_axis',(0.,0.,-1.));
#1777=DIRECTION('',(0.,0.,1.));
#1778=DIRECTION('',(0.,-1.,0.));
#1779=DIRECTION('',(0.,0.,-1.));
#1780=DIRECTION('',(0.,2.93660396657644E-14,1.));
#1781=DIRECTION('',(0.,1.,-3.30533622782264E-14));
#1782=DIRECTION('',(0.,-2.93660396657644E-14,-1.));
#1783=DIRECTION('',(0.,-1.,3.30533622782264E-14));
#1784=DIRECTION('',(0.,0.,1.));
#1785=DIRECTION('',(0.,1.,0.));
#1786=DIRECTION('',(0.,0.,-1.));
#1787=DIRECTION('',(0.,-1.,0.));
#1788=DIRECTION('center_axis',(1.,0.,0.));
#1789=DIRECTION('ref_axis',(0.,0.,-1.));
#1790=DIRECTION('',(0.,4.44089209850062E-17,-1.));
#1791=DIRECTION('',(0.,1.,0.));
#1792=DIRECTION('',(0.,0.,-1.));
#1793=DIRECTION('',(0.,1.,0.));
#1794=DIRECTION('center_axis',(0.,0.,-1.));
#1795=DIRECTION('ref_axis',(-1.,0.,0.));
#1796=DIRECTION('',(-1.,0.,0.));
#1797=DIRECTION('',(0.,1.,0.));
#1798=DIRECTION('',(-1.,0.,0.));
#1799=DIRECTION('center_axis',(-1.,0.,0.));
#1800=DIRECTION('ref_axis',(0.,0.,1.));
#1801=DIRECTION('',(0.,-4.44089209850062E-17,1.));
#1802=DIRECTION('',(0.,1.,0.));
#1803=DIRECTION('',(0.,0.,1.));
#1804=DIRECTION('center_axis',(0.,0.,1.));
#1805=DIRECTION('ref_axis',(1.,0.,0.));
#1806=DIRECTION('',(1.,0.,0.));
#1807=DIRECTION('',(1.,0.,0.));
#1808=DIRECTION('center_axis',(0.,-1.,0.));
#1809=DIRECTION('ref_axis',(0.,0.,-1.));
#1810=DIRECTION('center_axis',(0.,1.,4.44089209850062E-17));
#1811=DIRECTION('ref_axis',(7.39557098644698E-33,-4.44089209850062E-17,
1.));
#1812=DIRECTION('',(8.00946610622434E-16,4.44089209850062E-17,-1.));
#1813=DIRECTION('',(1.,0.,0.));
#1814=DIRECTION('',(0.,-4.44089209850062E-17,1.));
#1815=DIRECTION('',(-8.00946610622433E-16,-9.51619735392991E-16,1.));
#1816=DIRECTION('',(0.,-4.44089209850062E-17,1.));
#1817=DIRECTION('',(-1.,0.,0.));
#1818=DIRECTION('',(0.,0.,-1.));
#1819=DIRECTION('',(1.,0.,0.));
#1820=DIRECTION('',(0.,0.,1.));
#1821=DIRECTION('center_axis',(0.,0.,-1.));
#1822=DIRECTION('ref_axis',(-1.,0.,0.));
#1823=DIRECTION('center_axis',(0.,0.,-1.));
#1824=DIRECTION('ref_axis',(-1.,0.,0.));
#1825=DIRECTION('',(0.,0.,1.));
#1826=DIRECTION('center_axis',(0.,0.,-1.));
#1827=DIRECTION('ref_axis',(-1.,0.,0.));
#1828=DIRECTION('center_axis',(-1.26882631385732E-15,-1.,4.0248005368419E-31));
#1829=DIRECTION('ref_axis',(3.1720657846433E-16,0.,1.));
#1830=DIRECTION('center_axis',(3.09758357699285E-16,-1.,0.));
#1831=DIRECTION('ref_axis',(-0.707106781186548,0.,0.707106781186547));
#1832=DIRECTION('',(3.09758357699285E-16,-1.,0.));
#1833=DIRECTION('',(-3.09758357699285E-16,1.,0.));
#1834=DIRECTION('center_axis',(1.4791141972894E-30,-0.707106781186549,0.707106781186546));
#1835=DIRECTION('ref_axis',(-4.38064470516744E-16,0.707106781186546,0.707106781186549));
#1836=DIRECTION('center_axis',(8.00946610622434E-16,4.44089209850062E-17,
-1.));
#1837=DIRECTION('ref_axis',(-0.707106781186547,0.707106781186548,0.));
#1838=DIRECTION('',(-8.00946610622434E-16,-4.44089209850062E-17,1.));
#1839=DIRECTION('center_axis',(-8.97195690676453E-16,0.70710678118654,0.707106781186555));
#1840=DIRECTION('ref_axis',(-2.35513868802548E-16,-0.707106781186555,0.70710678118654));
#1841=DIRECTION('center_axis',(-1.26882631385732E-15,-1.,-4.02480053684189E-31));
#1842=DIRECTION('ref_axis',(-1.,1.26882631385732E-15,0.));
#1843=DIRECTION('center_axis',(3.09758357699285E-16,-1.,0.));
#1844=DIRECTION('ref_axis',(-0.707106781186547,0.,-0.707106781186548));
#1845=DIRECTION('',(-3.09758357699285E-16,1.,0.));
#1846=DIRECTION('center_axis',(-1.,-3.09758357699285E-16,-8.00946610622434E-16));
#1847=DIRECTION('ref_axis',(3.09758357699285E-16,-1.,5.36281045287944E-33));
#1848=DIRECTION('',(0.,0.,-1.));
#1849=DIRECTION('center_axis',(1.,3.09758357699285E-16,8.00946610622434E-16));
#1850=DIRECTION('ref_axis',(0.,0.,-1.));
#1851=DIRECTION('center_axis',(1.,3.09758357699285E-16,8.00946610622434E-16));
#1852=DIRECTION('ref_axis',(0.,0.,-1.));
#1853=DIRECTION('center_axis',(-1.,0.,0.));
#1854=DIRECTION('ref_axis',(0.,0.,-1.));
#1855=DIRECTION('center_axis',(-1.,-3.09758357699285E-16,-8.00946610622434E-16));
#1856=DIRECTION('ref_axis',(0.,0.,-1.));
#1857=DIRECTION('',(-1.,0.,0.));
#1858=DIRECTION('',(-1.,0.,0.));
#1859=DIRECTION('center_axis',(-1.,0.,0.));
#1860=DIRECTION('ref_axis',(0.,-0.00745916586324283,0.999972180035337));
#1861=DIRECTION('center_axis',(-1.,-3.09758357699285E-16,-8.00946610622434E-16));
#1862=DIRECTION('ref_axis',(0.,0.,-1.));
#1863=DIRECTION('center_axis',(0.,-1.,2.93660396657644E-14));
#1864=DIRECTION('ref_axis',(0.,2.93660396657644E-14,1.));
#1865=DIRECTION('',(-1.,0.,0.));
#1866=DIRECTION('',(0.,2.93660396657644E-14,1.));
#1867=DIRECTION('',(-1.,0.,0.));
#1868=DIRECTION('center_axis',(0.,-3.30533622782264E-14,-1.));
#1869=DIRECTION('ref_axis',(0.,-1.,3.30533622782264E-14));
#1870=DIRECTION('',(-1.,0.,0.));
#1871=DIRECTION('',(0.,-1.,3.30533622782264E-14));
#1872=DIRECTION('center_axis',(0.,1.,-2.93660396657644E-14));
#1873=DIRECTION('ref_axis',(0.,-2.93660396657644E-14,-1.));
#1874=DIRECTION('',(-1.,0.,0.));
#1875=DIRECTION('',(0.,-2.93660396657644E-14,-1.));
#1876=DIRECTION('center_axis',(0.,3.30533622782264E-14,1.));
#1877=DIRECTION('ref_axis',(0.,1.,-3.30533622782264E-14));
#1878=DIRECTION('',(0.,1.,-3.30533622782264E-14));
#1879=DIRECTION('center_axis',(-1.,0.,0.));
#1880=DIRECTION('ref_axis',(0.,0.,1.));
#1881=DIRECTION('center_axis',(0.,0.,1.));
#1882=DIRECTION('ref_axis',(0.,1.,0.));
#1883=DIRECTION('',(0.,1.,0.));
#1884=DIRECTION('',(-1.,0.,0.));
#1885=DIRECTION('',(0.,1.,0.));
#1886=DIRECTION('',(-1.,0.,0.));
#1887=DIRECTION('center_axis',(0.,-1.,0.));
#1888=DIRECTION('ref_axis',(0.,0.,1.));
#1889=DIRECTION('',(0.,0.,1.));
#1890=DIRECTION('',(-1.,0.,0.));
#1891=DIRECTION('',(0.,0.,1.));
#1892=DIRECTION('center_axis',(0.,0.,-1.));
#1893=DIRECTION('ref_axis',(0.,-1.,0.));
#1894=DIRECTION('',(0.,-1.,0.));
#1895=DIRECTION('',(-1.,0.,0.));
#1896=DIRECTION('',(0.,-1.,0.));
#1897=DIRECTION('center_axis',(0.,1.,0.));
#1898=DIRECTION('ref_axis',(0.,0.,-1.));
#1899=DIRECTION('',(0.,0.,-1.));
#1900=DIRECTION('',(0.,0.,-1.));
#1901=DIRECTION('center_axis',(-1.,0.,0.));
#1902=DIRECTION('ref_axis',(0.,0.,1.));
#1903=DIRECTION('center_axis',(0.,-1.,0.));
#1904=DIRECTION('ref_axis',(0.,0.,1.));
#1905=DIRECTION('',(-1.,0.,0.));
#1906=DIRECTION('',(0.,0.,1.));
#1907=DIRECTION('',(-1.,0.,0.));
#1908=DIRECTION('center_axis',(0.,0.,-1.));
#1909=DIRECTION('ref_axis',(0.,-1.,0.));
#1910=DIRECTION('',(-1.,0.,0.));
#1911=DIRECTION('',(0.,-1.,0.));
#1912=DIRECTION('center_axis',(0.,1.,0.));
#1913=DIRECTION('ref_axis',(0.,0.,-1.));
#1914=DIRECTION('',(-1.,0.,0.));
#1915=DIRECTION('',(0.,0.,-1.));
#1916=DIRECTION('center_axis',(0.,0.,1.));
#1917=DIRECTION('ref_axis',(0.,1.,0.));
#1918=DIRECTION('',(0.,1.,0.));
#1919=DIRECTION('center_axis',(-1.,0.,0.));
#1920=DIRECTION('ref_axis',(0.,0.,1.));
#1921=DIRECTION('center_axis',(0.,-1.,0.));
#1922=DIRECTION('ref_axis',(0.,0.,1.));
#1923=DIRECTION('',(0.,0.,1.));
#1924=DIRECTION('',(-1.,0.,0.));
#1925=DIRECTION('',(0.,0.,1.));
#1926=DIRECTION('',(-1.,0.,0.));
#1927=DIRECTION('center_axis',(0.,0.,-1.));
#1928=DIRECTION('ref_axis',(0.,-1.,0.));
#1929=DIRECTION('',(0.,-1.,0.));
#1930=DIRECTION('',(-1.,0.,0.));
#1931=DIRECTION('',(0.,-1.,0.));
#1932=DIRECTION('center_axis',(0.,1.,0.));
#1933=DIRECTION('ref_axis',(0.,0.,-1.));
#1934=DIRECTION('',(0.,0.,-1.));
#1935=DIRECTION('',(-1.,0.,0.));
#1936=DIRECTION('',(0.,0.,-1.));
#1937=DIRECTION('center_axis',(0.,0.,1.));
#1938=DIRECTION('ref_axis',(0.,1.,0.));
#1939=DIRECTION('',(0.,1.,0.));
#1940=DIRECTION('',(0.,1.,0.));
#1941=DIRECTION('center_axis',(-1.,0.,0.));
#1942=DIRECTION('ref_axis',(0.,0.,1.));
#1943=DIRECTION('center_axis',(0.,-3.30533622782264E-14,-1.));
#1944=DIRECTION('ref_axis',(0.,-1.,3.30533622782264E-14));
#1945=DIRECTION('',(0.,-1.,3.30533622782264E-14));
#1946=DIRECTION('',(-1.,0.,0.));
#1947=DIRECTION('',(0.,-1.,3.30533622782264E-14));
#1948=DIRECTION('',(-1.,0.,0.));
#1949=DIRECTION('center_axis',(0.,1.,-3.30367946239849E-14));
#1950=DIRECTION('ref_axis',(0.,-3.30367946239849E-14,-1.));
#1951=DIRECTION('',(0.,-3.30367946239849E-14,-1.));
#1952=DIRECTION('',(-1.,0.,0.));
#1953=DIRECTION('',(0.,-3.30367946239849E-14,-1.));
#1954=DIRECTION('center_axis',(0.,3.30533622782264E-14,1.));
#1955=DIRECTION('ref_axis',(0.,1.,-3.30533622782264E-14));
#1956=DIRECTION('',(0.,1.,-3.30533622782264E-14));
#1957=DIRECTION('',(-1.,0.,0.));
#1958=DIRECTION('',(0.,1.,-3.30533622782264E-14));
#1959=DIRECTION('center_axis',(0.,-1.,3.42603796100585E-14));
#1960=DIRECTION('ref_axis',(0.,3.42603796100585E-14,1.));
#1961=DIRECTION('',(0.,3.42603796100585E-14,1.));
#1962=DIRECTION('',(0.,3.42603796100585E-14,1.));
#1963=DIRECTION('center_axis',(-1.,0.,0.));
#1964=DIRECTION('ref_axis',(0.,0.,1.));
#1965=DIRECTION('center_axis',(0.,0.,-1.));
#1966=DIRECTION('ref_axis',(-1.,-1.22464679914735E-16,0.));
#1967=DIRECTION('',(0.,0.,-1.));
#1968=DIRECTION('center_axis',(0.,0.,-1.));
#1969=DIRECTION('ref_axis',(1.,0.,0.));
#1970=DIRECTION('center_axis',(0.,0.,-1.));
#1971=DIRECTION('ref_axis',(1.,0.,0.));
#1972=DIRECTION('center_axis',(0.,0.,-1.));
#1973=DIRECTION('ref_axis',(1.,0.,0.));
#1974=DIRECTION('center_axis',(0.,0.,1.));
#1975=DIRECTION('ref_axis',(1.,0.,0.));
#1976=DIRECTION('',(0.,-1.,0.));
#1977=DIRECTION('center_axis',(1.,0.,0.));
#1978=DIRECTION('ref_axis',(0.,0.,-1.));
#1979=DIRECTION('center_axis',(-1.,-3.09758357699285E-16,-8.00946610622434E-16));
#1980=DIRECTION('ref_axis',(3.09758357699285E-16,-1.,5.36281045287944E-33));
#1981=DIRECTION('',(-8.00946610622434E-16,0.,1.));
#1982=DIRECTION('center_axis',(0.,1.,0.));
#1983=DIRECTION('ref_axis',(1.,0.,0.));
#1984=DIRECTION('center_axis',(1.,0.,0.));
#1985=DIRECTION('ref_axis',(0.,0.,-1.));
#1986=DIRECTION('center_axis',(0.,0.,-1.));
#1987=DIRECTION('ref_axis',(-1.,0.,0.));
#1988=DIRECTION('',(0.,-1.,0.));
#1989=DIRECTION('',(1.,0.,0.));
#1990=DIRECTION('',(0.,1.,0.));
#1991=DIRECTION('center_axis',(-1.,0.,0.));
#1992=DIRECTION('ref_axis',(0.,0.,1.));
#1993=DIRECTION('',(0.,0.,1.));
#1994=DIRECTION('',(0.,1.,0.));
#1995=DIRECTION('center_axis',(0.,0.,-1.));
#1996=DIRECTION('ref_axis',(-1.,0.,0.));
#1997=DIRECTION('',(-1.,0.,0.));
#1998=DIRECTION('',(0.,1.,0.));
#1999=DIRECTION('center_axis',(1.,0.,0.));
#2000=DIRECTION('ref_axis',(0.,0.,-1.));
#2001=DIRECTION('',(0.,0.,-1.));
#2002=DIRECTION('center_axis',(0.,1.,0.));
#2003=DIRECTION('ref_axis',(0.,0.,1.));
#2004=DIRECTION('center_axis',(-3.57647863714326E-16,1.,0.));
#2005=DIRECTION('ref_axis',(-1.,-3.57647863714326E-16,0.));
#2006=DIRECTION('',(1.,3.57647863714326E-16,0.));
#2007=DIRECTION('',(0.,0.,1.));
#2008=DIRECTION('',(-1.,-3.57647863714326E-16,0.));
#2009=DIRECTION('',(0.,0.,1.));
#2010=DIRECTION('center_axis',(0.,0.,1.));
#2011=DIRECTION('ref_axis',(1.11022302462516E-16,-1.,0.));
#2012=DIRECTION('center_axis',(0.,0.,-1.));
#2013=DIRECTION('ref_axis',(1.,0.,0.));
#2014=DIRECTION('center_axis',(0.,0.,1.));
#2015=DIRECTION('ref_axis',(1.11022302462516E-16,-1.,0.));
#2016=DIRECTION('center_axis',(0.,0.,1.));
#2017=DIRECTION('ref_axis',(1.11022302462516E-16,-1.,0.));
#2018=DIRECTION('center_axis',(0.,0.,1.));
#2019=DIRECTION('ref_axis',(1.,0.,0.));
#2020=DIRECTION('center_axis',(0.,0.,1.));
#2021=DIRECTION('ref_axis',(1.,0.,0.));
#2022=DIRECTION('center_axis',(0.,0.,-1.));
#2023=DIRECTION('ref_axis',(-1.,0.,0.));
#2024=DIRECTION('center_axis',(0.,0.,1.));
#2025=DIRECTION('ref_axis',(1.,0.,0.));
#2026=DIRECTION('',(-1.,6.11795041187216E-16,0.));
#2027=DIRECTION('center_axis',(0.,0.,-1.));
#2028=DIRECTION('ref_axis',(-0.362939530359941,0.931812694323331,0.));
#2029=DIRECTION('center_axis',(0.,0.,-1.));
#2030=DIRECTION('ref_axis',(-1.,0.,0.));
#2031=DIRECTION('center_axis',(0.,0.,-1.));
#2032=DIRECTION('ref_axis',(-0.362939530359941,0.931812694323331,0.));
#2033=DIRECTION('',(-1.,6.11795041187216E-16,0.));
#2034=DIRECTION('center_axis',(0.,0.,-1.));
#2035=DIRECTION('ref_axis',(-0.362939530359941,0.931812694323331,0.));
#2036=DIRECTION('',(0.,0.,-1.));
#2037=DIRECTION('',(0.,0.,-1.));
#2038=DIRECTION('center_axis',(-6.11795041187216E-16,-1.,0.));
#2039=DIRECTION('ref_axis',(-1.,6.11795041187216E-16,0.));
#2040=DIRECTION('center_axis',(0.,0.,-1.));
#2041=DIRECTION('ref_axis',(0.620847004701685,-0.783931755163003,0.));
#2042=DIRECTION('center_axis',(0.,0.,-1.));
#2043=DIRECTION('ref_axis',(0.620847004701685,-0.783931755163003,0.));
#2044=DIRECTION('center_axis',(0.,0.,1.));
#2045=DIRECTION('ref_axis',(1.,0.,0.));
#2046=DIRECTION('',(0.,0.,-1.));
#2047=DIRECTION('center_axis',(0.,0.,-1.));
#2048=DIRECTION('ref_axis',(0.620847004701685,-0.783931755163003,0.));
#2049=DIRECTION('',(0.,0.,-1.));
#2050=DIRECTION('center_axis',(1.26964991618586E-13,1.,0.));
#2051=DIRECTION('ref_axis',(1.,-1.26964991618586E-13,0.));
#2052=DIRECTION('',(1.,-1.26964991618586E-13,0.));
#2053=DIRECTION('',(1.,-1.26964991618586E-13,0.));
#2054=DIRECTION('center_axis',(0.,0.,-1.));
#2055=DIRECTION('ref_axis',(-1.,0.,0.));
#2056=DIRECTION('center_axis',(0.,0.,-1.));
#2057=DIRECTION('ref_axis',(-1.,0.,0.));
#2058=DIRECTION('center_axis',(0.,0.,1.));
#2059=DIRECTION('ref_axis',(1.,0.,0.));
#2060=DIRECTION('',(1.,-6.11795041187216E-16,0.));
#2061=DIRECTION('center_axis',(0.,0.,-1.));
#2062=DIRECTION('ref_axis',(1.,0.,0.));
#2063=DIRECTION('center_axis',(0.,0.,1.));
#2064=DIRECTION('ref_axis',(1.11022302462516E-16,-1.,0.));
#2065=DIRECTION('center_axis',(0.,0.,1.));
#2066=DIRECTION('ref_axis',(1.,0.,0.));
#2067=DIRECTION('',(1.,-6.11795041187216E-16,0.));
#2068=DIRECTION('center_axis',(0.,0.,1.));
#2069=DIRECTION('ref_axis',(1.11022302462516E-16,-1.,0.));
#2070=DIRECTION('center_axis',(-6.11795041187216E-16,-1.,0.));
#2071=DIRECTION('ref_axis',(1.,-6.11795041187216E-16,0.));
#2072=DIRECTION('',(0.,0.,1.));
#2073=DIRECTION('',(0.,0.,1.));
#2074=DIRECTION('center_axis',(0.,0.,1.));
#2075=DIRECTION('ref_axis',(-2.04166612756507E-14,1.,0.));
#2076=DIRECTION('',(-3.08148791101958E-33,-2.46519032881566E-32,1.));
#2077=DIRECTION('',(1.,-1.17185632753826E-33,0.));
#2078=CARTESIAN_POINT('',(0.,0.,0.));
#2079=CARTESIAN_POINT('',(0.,0.,0.));
#2080=CARTESIAN_POINT('Origin',(2.80100008940701,-104.75,2.64999989569187));
#2081=CARTESIAN_POINT('',(2.80100008961206,-105.198464128483,2.65));
#2082=CARTESIAN_POINT('',(2.80100008940701,-105.198464127355,-39.3500004917383));
#2083=CARTESIAN_POINT('Ctrl Pts',(2.80100008940701,-105.198464127355,2.65000000000001));
#2084=CARTESIAN_POINT('Ctrl Pts',(2.80100008940701,-105.198464127355,-4.34999999999999));
#2085=CARTESIAN_POINT('Ctrl Pts',(2.80100008940701,-105.198464127355,-11.35));
#2086=CARTESIAN_POINT('Ctrl Pts',(2.80100008940701,-105.198464127355,-25.35));
#2087=CARTESIAN_POINT('Ctrl Pts',(2.80100008940701,-105.198464127355,-32.35));
#2088=CARTESIAN_POINT('Ctrl Pts',(2.80100008940701,-105.198464127355,-39.35));
#2089=CARTESIAN_POINT('',(2.80100008940701,-105.25,2.64999989569187));
#2090=CARTESIAN_POINT('',(2.80100008940701,-104.75,2.64999989569187));
#2091=CARTESIAN_POINT('',(2.80100008940701,-105.25,-39.3500004917383));
#2092=CARTESIAN_POINT('',(2.80100008940701,-105.25,-33.0000004917383));
#2093=CARTESIAN_POINT('',(2.80100008940701,-104.75,-39.3500004917383));
#2094=CARTESIAN_POINT('Origin',(11.5000001713634,-105.25,-20.0000002980232));
#2095=CARTESIAN_POINT('',(17.0000002533198,-105.25,-39.3500004917383));
#2096=CARTESIAN_POINT('',(17.0000002533198,-105.25,2.64999989569187));
#2097=CARTESIAN_POINT('',(17.0000002533198,-105.25,-13.5000002011657));
#2098=CARTESIAN_POINT('',(16.75,-105.25,-39.3500004917383));
#2099=CARTESIAN_POINT('',(14.2500002123416,-105.25,-39.3500004917383));
#2100=CARTESIAN_POINT('',(6.00000008940701,-105.25,-39.3500004917383));
#2101=CARTESIAN_POINT('',(16.75,-105.25,2.65));
#2102=CARTESIAN_POINT('',(14.2501000856817,-105.25,2.65));
#2103=CARTESIAN_POINT('',(8.7500001303852,-105.25,2.64999989569187));
#2104=CARTESIAN_POINT('Origin',(17.0000002533198,-105.75,-39.3500004917383));
#2105=CARTESIAN_POINT('',(17.0000002533198,-105.75,-39.3500004917383));
#2106=CARTESIAN_POINT('',(17.0000002533198,-105.75,-39.3500004917383));
#2107=CARTESIAN_POINT('',(16.75,-105.75,-39.3500004917383));
#2108=CARTESIAN_POINT('',(17.0000002533198,-105.75,-39.3500004917383));
#2109=CARTESIAN_POINT('',(16.75,-73.225,-39.35));
#2110=CARTESIAN_POINT('Origin',(17.0000002533198,-105.75,-7.00000010430813));
#2111=CARTESIAN_POINT('',(17.0000002533198,-105.75,2.64999989569187));
#2112=CARTESIAN_POINT('',(17.0000002533198,-105.75,2.64999989569187));
#2113=CARTESIAN_POINT('',(17.0000002533198,-105.75,-7.00000010430813));
#2114=CARTESIAN_POINT('Origin',(6.00000008940701,-105.75,2.64999989569187));
#2115=CARTESIAN_POINT('',(16.75,-105.75,2.64999989569187));
#2116=CARTESIAN_POINT('',(16.75,-73.225,2.65));
#2117=CARTESIAN_POINT('',(6.00000008940701,-105.75,2.64999989569187));
#2118=CARTESIAN_POINT('Origin',(11.5000001713634,-105.75,-20.0000002980232));
#2119=CARTESIAN_POINT('',(3.00353632565528,-105.75,-39.3500004917383));
#2120=CARTESIAN_POINT('',(3.00353632565528,-105.75,2.64999989569187));
#2121=CARTESIAN_POINT('Ctrl Pts',(3.00353632565529,-105.75,-39.35));
#2122=CARTESIAN_POINT('Ctrl Pts',(3.00353632565529,-105.75,-32.35));
#2123=CARTESIAN_POINT('Ctrl Pts',(3.00353632565529,-105.75,-25.35));
#2124=CARTESIAN_POINT('Ctrl Pts',(3.00353632565529,-105.75,-11.3500000347694));
#2125=CARTESIAN_POINT('Ctrl Pts',(3.00353632565529,-105.75,-4.35000006953875));
#2126=CARTESIAN_POINT('Ctrl Pts',(3.00353632565529,-105.75,2.64999989569187));
#2127=CARTESIAN_POINT('',(14.2501000856817,-105.75,-39.35));
#2128=CARTESIAN_POINT('',(14.2501000856817,-105.75,2.65));
#2129=CARTESIAN_POINT('Origin',(17.0002,-78.25,2.65));
#2130=CARTESIAN_POINT('',(16.75,-124.242793457305,2.65));
#2131=CARTESIAN_POINT('',(16.75,-73.225,2.65));
#2132=CARTESIAN_POINT('Ctrl Pts',(16.75,-124.242793457305,2.65));
#2133=CARTESIAN_POINT('Ctrl Pts',(16.62794633188,-124.235766811626,2.65));
#2134=CARTESIAN_POINT('Ctrl Pts',(16.5058663375415,-124.22360892998,2.65));
#2135=CARTESIAN_POINT('Ctrl Pts',(15.8636061711655,-124.133042611968,2.65));
#2136=CARTESIAN_POINT('Ctrl Pts',(15.2132692600976,-123.94923820245,2.65));
#2137=CARTESIAN_POINT('Ctrl Pts',(13.4887155151579,-123.014882112774,2.65));
#2138=CARTESIAN_POINT('Ctrl Pts',(12.4881828457575,-122.219590866662,2.65));
#2139=CARTESIAN_POINT('Ctrl Pts',(9.17063879987119,-118.701194389169,2.65));
#2140=CARTESIAN_POINT('Ctrl Pts',(7.41337167974505,-115.570423628343,2.65));
#2141=CARTESIAN_POINT('Ctrl Pts',(5.16595789358434,-111.159369002745,2.65));
#2142=CARTESIAN_POINT('Ctrl Pts',(4.05641013942857,-108.589792112011,2.65));
#2143=CARTESIAN_POINT('Ctrl Pts',(3.00353632565549,-105.750000000001,2.65));
#2144=CARTESIAN_POINT('Origin',(17.0002,-78.25,2.65));
#2145=CARTESIAN_POINT('',(-7.87980000000002,-28.25,2.65));
#2146=CARTESIAN_POINT('Ctrl Pts',(2.8010000897932,-105.198464128417,2.65));
#2147=CARTESIAN_POINT('Ctrl Pts',(0.00982901247095713,-97.5247211850935,
2.65));
#2148=CARTESIAN_POINT('Ctrl Pts',(-2.4055667392477,-87.7882808426988,2.65));
#2149=CARTESIAN_POINT('Ctrl Pts',(-4.19973880811034,-76.7848043816109,2.65));
#2150=CARTESIAN_POINT('Ctrl Pts',(-6.59196823326015,-62.1135024334958,2.65));
#2151=CARTESIAN_POINT('Ctrl Pts',(-7.87979999999962,-45.1896918299268,2.65));
#2152=CARTESIAN_POINT('Ctrl Pts',(-7.87980000000002,-28.250000000008,2.65));
#2153=CARTESIAN_POINT('',(-7.89180000000002,-28.25,2.65));
#2154=CARTESIAN_POINT('',(-9.88580000000002,-28.25,2.65));
#2155=CARTESIAN_POINT('',(-7.89180000000002,-8.15,2.65000000000001));
#2156=CARTESIAN_POINT('',(-7.89180000000002,-22.25,2.65));
#2157=CARTESIAN_POINT('',(16.75,-8.15,2.65000000000002));
#2158=CARTESIAN_POINT('',(16.7502,-8.15,2.65000000000002));
#2159=CARTESIAN_POINT('',(16.75,-34.8767386952739,2.65));
#2160=CARTESIAN_POINT('',(16.75,-73.225,2.65));
#2161=CARTESIAN_POINT('',(9.49120939280066,-36.240484808806,2.65));
#2162=CARTESIAN_POINT('Origin',(16.75,-54.8767386952739,2.65));
#2163=CARTESIAN_POINT('',(4.3330599059623,-70.5553737985308,2.65));
#2164=CARTESIAN_POINT('Origin',(16.75,-54.8767386952739,2.65));
#2165=CARTESIAN_POINT('',(16.75,-74.8767386952739,2.65));
#2166=CARTESIAN_POINT('Origin',(16.75,-54.8767386952739,2.65));
#2167=CARTESIAN_POINT('',(16.75,-73.225,2.65));
#2168=CARTESIAN_POINT('Ctrl Pts',(16.7500000000204,-124.242793457306,2.65000000000001));
#2169=CARTESIAN_POINT('Ctrl Pts',(16.2864055594839,-124.216104264574,2.65000000000001));
#2170=CARTESIAN_POINT('Ctrl Pts',(15.3325780828395,-124.018386862769,2.65000000000002));
#2171=CARTESIAN_POINT('Ctrl Pts',(13.0059042262392,-122.809976042358,2.65000000000002));
#2172=CARTESIAN_POINT('Ctrl Pts',(8.70545028234872,-118.459931784943,2.65000000000001));
#2173=CARTESIAN_POINT('Ctrl Pts',(5.01718991733166,-111.181189864502,2.65000000000001));
#2174=CARTESIAN_POINT('Ctrl Pts',(3.00353632565473,-105.749999999999,2.65000000000001));
#2175=CARTESIAN_POINT('Ctrl Pts',(16.7500000000204,-124.242793457306,-39.35));
#2176=CARTESIAN_POINT('Ctrl Pts',(16.2864055594839,-124.216104264574,-39.35));
#2177=CARTESIAN_POINT('Ctrl Pts',(15.3325780828395,-124.018386862769,-39.35));
#2178=CARTESIAN_POINT('Ctrl Pts',(13.0059042262392,-122.809976042358,-39.35));
#2179=CARTESIAN_POINT('Ctrl Pts',(8.70545028234872,-118.459931784943,-39.35));
#2180=CARTESIAN_POINT('Ctrl Pts',(5.01718991733166,-111.181189864502,-39.35));
#2181=CARTESIAN_POINT('Ctrl Pts',(3.00353632565473,-105.749999999999,-39.35));
#2182=CARTESIAN_POINT('',(16.7500000000102,-124.242793457306,-39.35));
#2183=CARTESIAN_POINT('Ctrl Pts',(16.75,-124.242793457305,-39.35));
#2184=CARTESIAN_POINT('Ctrl Pts',(16.75,-124.242793457305,-32.35));
#2185=CARTESIAN_POINT('Ctrl Pts',(16.75,-124.242793457305,-25.35));
#2186=CARTESIAN_POINT('Ctrl Pts',(16.75,-124.242793457305,-11.35));
#2187=CARTESIAN_POINT('Ctrl Pts',(16.75,-124.242793457305,-4.34999999999999));
#2188=CARTESIAN_POINT('Ctrl Pts',(16.75,-124.242793457305,2.65000000000001));
#2189=CARTESIAN_POINT('Ctrl Pts',(3.00353632565473,-105.749999999999,-39.35));
#2190=CARTESIAN_POINT('Ctrl Pts',(5.01718991733166,-111.181189864502,-39.35));
#2191=CARTESIAN_POINT('Ctrl Pts',(7.2301461363419,-115.548435016767,-39.35));
#2192=CARTESIAN_POINT('Ctrl Pts',(9.40546480711312,-118.600346354897,-39.35));
#2193=CARTESIAN_POINT('Ctrl Pts',(10.8556772542939,-120.634953913651,-39.35));
#2194=CARTESIAN_POINT('Ctrl Pts',(12.2891619022574,-122.084968666122,-39.35));
#2195=CARTESIAN_POINT('Ctrl Pts',(13.5425480704453,-122.97111052375,-39.35));
#2196=CARTESIAN_POINT('Ctrl Pts',(14.1692411545393,-123.414181452564,-39.35));
#2197=CARTESIAN_POINT('Ctrl Pts',(14.7509096186894,-123.716284157666,-39.35));
#2198=CARTESIAN_POINT('Ctrl Pts',(15.2802007199255,-123.916764860669,-39.35));
#2199=CARTESIAN_POINT('Ctrl Pts',(15.8094918211578,-124.11724556367,-39.35));
#2200=CARTESIAN_POINT('Ctrl Pts',(16.2864055594769,-124.216104264572,-39.35));
#2201=CARTESIAN_POINT('Ctrl Pts',(16.7500000000102,-124.242793457306,-39.35));
#2202=CARTESIAN_POINT('Ctrl Pts',(2.8010000897932,-105.198464128417,2.65000000000001));
#2203=CARTESIAN_POINT('Ctrl Pts',(0.00982901247095491,-97.5247211850935,
2.65000000000001));
#2204=CARTESIAN_POINT('Ctrl Pts',(-5.6260944082059,-74.8063603861726,2.65000000000001));
#2205=CARTESIAN_POINT('Ctrl Pts',(-7.87980000000002,-45.1896918299216,2.65000000000001));
#2206=CARTESIAN_POINT('Ctrl Pts',(-7.87980000000002,-28.25,2.65000000000001));
#2207=CARTESIAN_POINT('Ctrl Pts',(2.8010000897932,-105.198464128417,-39.35));
#2208=CARTESIAN_POINT('Ctrl Pts',(0.00982901247095491,-97.5247211850935,
-39.35));
#2209=CARTESIAN_POINT('Ctrl Pts',(-5.6260944082059,-74.8063603861726,-39.35));
#2210=CARTESIAN_POINT('Ctrl Pts',(-7.87980000000002,-45.1896918299216,-39.35));
#2211=CARTESIAN_POINT('Ctrl Pts',(-7.87980000000002,-28.25,-39.35));
#2212=CARTESIAN_POINT('',(-7.87980000000002,-28.25,-39.35));
#2213=CARTESIAN_POINT('Ctrl Pts',(-7.87980000000002,-28.250000000008,-39.35));
#2214=CARTESIAN_POINT('Ctrl Pts',(-7.87979999999962,-45.1896918299268,-39.35));
#2215=CARTESIAN_POINT('Ctrl Pts',(-6.59196823326015,-62.1135024334958,-39.35));
#2216=CARTESIAN_POINT('Ctrl Pts',(-4.19973880811034,-76.7848043816109,-39.35));
#2217=CARTESIAN_POINT('Ctrl Pts',(-2.40556673933048,-87.7882808421911,-39.35));
#2218=CARTESIAN_POINT('Ctrl Pts',(0.00982901224806487,-97.5247211841951,
-39.35));
#2219=CARTESIAN_POINT('Ctrl Pts',(2.80100008940684,-105.198464127355,-39.35));
#2220=CARTESIAN_POINT('Ctrl Pts',(-7.87980000000002,-28.25,2.65));
#2221=CARTESIAN_POINT('Ctrl Pts',(-7.87980000000002,-28.25,-4.35));
#2222=CARTESIAN_POINT('Ctrl Pts',(-7.87980000000002,-28.25,-11.35));
#2223=CARTESIAN_POINT('Ctrl Pts',(-7.87980000000002,-28.25,-25.35));
#2224=CARTESIAN_POINT('Ctrl Pts',(-7.87980000000002,-28.25,-32.35));
#2225=CARTESIAN_POINT('Ctrl Pts',(-7.87980000000002,-28.25,-39.35));
#2226=CARTESIAN_POINT('Origin',(17.0002,-78.25,-39.35));
#2227=CARTESIAN_POINT('',(16.75,-73.225,-39.35));
#2228=CARTESIAN_POINT('Origin',(17.0002,-78.25,-39.35));
#2229=CARTESIAN_POINT('',(16.75,-105.05,-39.35));
#2230=CARTESIAN_POINT('',(16.75,-73.225,-39.35));
#2231=CARTESIAN_POINT('',(13.7800002533198,-105.05,-39.35));
#2232=CARTESIAN_POINT('',(15.3901001266599,-105.05,-39.35));
#2233=CARTESIAN_POINT('',(12.2300002533198,-103.5,-39.35));
#2234=CARTESIAN_POINT('Origin',(13.7800002533198,-103.5,-39.35));
#2235=CARTESIAN_POINT('',(12.2300002533198,-102.79,-39.35));
#2236=CARTESIAN_POINT('',(12.2300002533198,-90.52,-39.35));
#2237=CARTESIAN_POINT('',(13.7800002533198,-101.24,-39.35));
#2238=CARTESIAN_POINT('Origin',(13.7800002533198,-102.79,-39.35));
#2239=CARTESIAN_POINT('',(16.75,-101.24,-39.35));
#2240=CARTESIAN_POINT('',(18.6101001266599,-101.24,-39.35));
#2241=CARTESIAN_POINT('',(16.75,-8.14999999999996,-39.35));
#2242=CARTESIAN_POINT('',(16.75,-73.225,-39.35));
#2243=CARTESIAN_POINT('',(-7.89180000000002,-8.14999999999996,-39.35));
#2244=CARTESIAN_POINT('',(-7.89180000000002,-8.14999999999996,-39.35));
#2245=CARTESIAN_POINT('',(-7.89180000000002,-28.25,-39.35));
#2246=CARTESIAN_POINT('',(-7.89180000000002,-12.15,-39.35));
#2247=CARTESIAN_POINT('',(-9.88580000000002,-28.25,-39.35));
#2248=CARTESIAN_POINT('Origin',(13.7800002533198,-105.05,-43.35));
#2249=CARTESIAN_POINT('',(16.75,-105.05,-43.35));
#2250=CARTESIAN_POINT('',(16.75,-105.05,-30.85));
#2251=CARTESIAN_POINT('',(13.7800002533198,-105.05,-43.35));
#2252=CARTESIAN_POINT('',(15.3901001266599,-105.05,-43.35));
#2253=CARTESIAN_POINT('',(13.7800002533198,-105.05,-43.35));
#2254=CARTESIAN_POINT('Origin',(13.7800002533198,-103.5,-43.35));
#2255=CARTESIAN_POINT('',(12.2300002533198,-103.5,-43.35));
#2256=CARTESIAN_POINT('Origin',(13.7800002533198,-103.5,-43.35));
#2257=CARTESIAN_POINT('',(12.2300002533198,-103.5,-43.35));
#2258=CARTESIAN_POINT('Origin',(12.2300002533198,-102.79,-43.35));
#2259=CARTESIAN_POINT('',(12.2300002533198,-102.79,-43.35));
#2260=CARTESIAN_POINT('',(12.2300002533198,-90.52,-43.35));
#2261=CARTESIAN_POINT('',(12.2300002533198,-102.79,-43.35));
#2262=CARTESIAN_POINT('Origin',(13.7800002533198,-102.79,-43.35));
#2263=CARTESIAN_POINT('',(13.7800002533198,-101.24,-43.35));
#2264=CARTESIAN_POINT('Origin',(13.7800002533198,-102.79,-43.35));
#2265=CARTESIAN_POINT('',(13.7800002533198,-101.24,-43.35));
#2266=CARTESIAN_POINT('Origin',(20.2200002533198,-101.24,-43.35));
#2267=CARTESIAN_POINT('',(16.75,-101.24,-43.35));
#2268=CARTESIAN_POINT('',(16.75,-101.24,-30.85));
#2269=CARTESIAN_POINT('',(18.6101001266599,-101.24,-43.35));
#2270=CARTESIAN_POINT('Origin',(17.0002,-78.25,-43.35));
#2271=CARTESIAN_POINT('',(16.7500000000154,-124.743536274723,-43.35));
#2272=CARTESIAN_POINT('',(16.75,-47.225,-43.35));
#2273=CARTESIAN_POINT('',(-8.37980000000002,-28.2500000000001,-43.35));
#2274=CARTESIAN_POINT('Ctrl Pts',(-8.37980000000002,-28.2500000000001,-43.35));
#2275=CARTESIAN_POINT('Ctrl Pts',(-8.37980000000002,-33.1778794465591,-43.35));
#2276=CARTESIAN_POINT('Ctrl Pts',(-8.16622871682085,-43.0655948286751,-43.35));
#2277=CARTESIAN_POINT('Ctrl Pts',(-7.35958582960049,-55.335957951694,-43.35));
#2278=CARTESIAN_POINT('Ctrl Pts',(-5.85286261135025,-69.981717865316,-43.35));
#2279=CARTESIAN_POINT('Ctrl Pts',(-3.58945182129695,-84.5994113170985,-43.35));
#2280=CARTESIAN_POINT('Ctrl Pts',(0.0554286526868675,-98.9948701946822,
-43.35));
#2281=CARTESIAN_POINT('Ctrl Pts',(3.31980826076598,-108.260275876236,-43.35));
#2282=CARTESIAN_POINT('Ctrl Pts',(6.39430938915562,-115.00758301529,-43.35));
#2283=CARTESIAN_POINT('Ctrl Pts',(9.72047031927985,-120.230463489605,-43.35));
#2284=CARTESIAN_POINT('Ctrl Pts',(12.8560057043247,-123.239096618351,-43.35));
#2285=CARTESIAN_POINT('Ctrl Pts',(14.7520894083721,-124.295684858432,-43.35));
#2286=CARTESIAN_POINT('Ctrl Pts',(15.8996945592535,-124.650068979074,-43.35));
#2287=CARTESIAN_POINT('Ctrl Pts',(16.4773450213461,-124.729364391292,-43.35));
#2288=CARTESIAN_POINT('Ctrl Pts',(16.7500008217376,-124.743520339595,-43.35));
#2289=CARTESIAN_POINT('',(-8.37979999999998,-8.14999999999998,-43.3499999999999));
#2290=CARTESIAN_POINT('',(-8.37979999999997,-47.725,-43.35));
#2291=CARTESIAN_POINT('',(16.75,-8.14999999999999,-43.35));
#2292=CARTESIAN_POINT('',(45.3802,-8.15000000000001,-43.35));
#2293=CARTESIAN_POINT('',(16.75,-47.225,-43.35));
#2294=CARTESIAN_POINT('',(9.00000005960464,-30.0000004470348,-43.35));
#2295=CARTESIAN_POINT('Origin',(4.00000005960464,-30.0000004470348,-43.35));
#2296=CARTESIAN_POINT('Origin',(16.75,-68.2,-18.35));
#2297=CARTESIAN_POINT('',(16.75,-74.8767386952739,6.65));
#2298=CARTESIAN_POINT('',(16.75,-74.8767386952739,6.64999999999995));
#2299=CARTESIAN_POINT('',(16.7500000000154,-124.743536274723,6.65));
#2300=CARTESIAN_POINT('',(16.75,-73.225,6.65));
#2301=CARTESIAN_POINT('',(16.7500000000089,-128.246247174366,3.15));
#2302=CARTESIAN_POINT('Ctrl Pts',(16.75,-128.246247174366,3.15));
#2303=CARTESIAN_POINT('Ctrl Pts',(16.75,-128.246247174366,3.60555923952332));
#2304=CARTESIAN_POINT('Ctrl Pts',(16.75,-128.15726428191,4.05675524062741));
#2305=CARTESIAN_POINT('Ctrl Pts',(16.75,-127.811329443565,4.89974371534649));
#2306=CARTESIAN_POINT('Ctrl Pts',(16.7500000000034,-127.557661912198,5.2834463462037));
#2307=CARTESIAN_POINT('Ctrl Pts',(16.7500000000034,-126.91738283074,5.93223354774604));
#2308=CARTESIAN_POINT('Ctrl Pts',(16.7500000000265,-126.536854772185,6.19103369063233));
#2309=CARTESIAN_POINT('Ctrl Pts',(16.7500000000265,-125.900812869698,6.46194270917902));
#2310=CARTESIAN_POINT('Ctrl Pts',(16.7500000000003,-125.675448842921,6.53213304833177));
#2311=CARTESIAN_POINT('Ctrl Pts',(16.7500000000003,-125.213984115012,6.62628947290087));
#2312=CARTESIAN_POINT('Ctrl Pts',(16.75,-124.979061529782,6.65));
#2313=CARTESIAN_POINT('Ctrl Pts',(16.75,-124.743536274721,6.65));
#2314=CARTESIAN_POINT('',(16.7500000000087,-128.246247174366,-39.85));
#2315=CARTESIAN_POINT('',(16.75,-128.246247174366,6.65));
#2316=CARTESIAN_POINT('Ctrl Pts',(16.75,-124.743536274721,-43.35));
#2317=CARTESIAN_POINT('Ctrl Pts',(16.75,-125.200375747025,-43.35));
#2318=CARTESIAN_POINT('Ctrl Pts',(16.7499999994014,-125.652808018483,-43.2607941192306));
#2319=CARTESIAN_POINT('Ctrl Pts',(16.7499999994014,-126.497310676573,-42.914003493176));
#2320=CARTESIAN_POINT('Ctrl Pts',(16.7499999998748,-126.881345839594,-42.6600115705141));
#2321=CARTESIAN_POINT('Ctrl Pts',(16.7499999998748,-127.530124825742,-42.0192609735436));
#2322=CARTESIAN_POINT('Ctrl Pts',(16.7499999999832,-127.788734268218,-41.6387515134589));
#2323=CARTESIAN_POINT('Ctrl Pts',(16.7499999999832,-128.058979462318,-41.0033921671769));
#2324=CARTESIAN_POINT('Ctrl Pts',(16.75,-128.128878818984,-40.7787217070836));
#2325=CARTESIAN_POINT('Ctrl Pts',(16.75,-128.222630786003,-40.3187877307123));
#2326=CARTESIAN_POINT('Ctrl Pts',(16.75,-128.246247174366,-40.0846915915705));
#2327=CARTESIAN_POINT('Ctrl Pts',(16.75,-128.246247174366,-39.85));
#2328=CARTESIAN_POINT('',(16.75,-119.157390154694,3.74264739494284));
#2329=CARTESIAN_POINT('',(16.75,-119.157390154694,5.55735260506128));
#2330=CARTESIAN_POINT('',(16.75,-119.157390154695,-7.30367630252783));
#2331=CARTESIAN_POINT('',(16.75,-109.752524039158,5.55735260506097));
#2332=CARTESIAN_POINT('',(16.75,-93.6786950773467,5.55735260506044));
#2333=CARTESIAN_POINT('',(16.75,-109.752524039158,3.74264739494253));
#2334=CARTESIAN_POINT('',(16.75,-109.752524039158,-6.3963236974689));
#2335=CARTESIAN_POINT('',(16.75,-88.9762620195785,3.74264739494184));
#2336=CARTESIAN_POINT('',(16.75,-119.157390154695,-42.2573526050576));
#2337=CARTESIAN_POINT('',(16.75,-119.157390154695,-40.4426473949391));
#2338=CARTESIAN_POINT('',(16.75,-119.157390154695,-30.3036763025288));
#2339=CARTESIAN_POINT('',(16.75,-109.752524039158,-40.4426473949391));
#2340=CARTESIAN_POINT('',(16.75,-93.6786950773475,-40.4426473949391));
#2341=CARTESIAN_POINT('',(16.75,-109.752524039158,-42.2573526050576));
#2342=CARTESIAN_POINT('',(16.75,-109.752524039158,-29.3963236974696));
#2343=CARTESIAN_POINT('',(16.75,-88.9762620195792,-42.2573526050576));
#2344=CARTESIAN_POINT('Origin',(-5.00000007450581,-8.14999999999998,5.4412092343643));
#2345=CARTESIAN_POINT('',(-5.00000007450581,-8.14999999999998,5.4412092343643));
#2346=CARTESIAN_POINT('',(-5.00000007450581,-8.14999999999998,3.30000059604645));
#2347=CARTESIAN_POINT('',(-5.00000007450581,-8.15,-18.9543953828179));
#2348=CARTESIAN_POINT('',(-5.00000007450581,-4.64999999999998,5.4412092343643));
#2349=CARTESIAN_POINT('',(-5.00000007450581,-8.14999999999998,5.4412092343643));
#2350=CARTESIAN_POINT('',(-5.00000007450581,-4.64999999999998,3.30000059604645));
#2351=CARTESIAN_POINT('',(-5.00000007450581,-4.64999999999998,3.30000059604645));
#2352=CARTESIAN_POINT('',(-5.00000007450581,-8.14999999999998,3.30000059604645));
#2353=CARTESIAN_POINT('Origin',(15.0000002235174,-8.14999999999998,5.4412092343643));
#2354=CARTESIAN_POINT('',(15.0000002235174,-8.14999999999998,5.4412092343643));
#2355=CARTESIAN_POINT('',(3.5541001117587,-8.15,5.4412092343643));
#2356=CARTESIAN_POINT('',(15.0000002235174,-4.64999999999998,5.4412092343643));
#2357=CARTESIAN_POINT('',(15.0000002235174,-8.14999999999998,5.4412092343643));
#2358=CARTESIAN_POINT('',(-5.00000007450581,-4.64999999999998,5.4412092343643));
#2359=CARTESIAN_POINT('Origin',(15.0000002235174,-8.14999999999998,3.30000059604645));
#2360=CARTESIAN_POINT('',(15.0000002235174,-8.14999999999998,3.30000059604645));
#2361=CARTESIAN_POINT('',(15.0000002235174,-8.15,-20.0249997019768));
#2362=CARTESIAN_POINT('',(15.0000002235174,-4.64999999999998,3.30000059604645));
#2363=CARTESIAN_POINT('',(15.0000002235174,-8.14999999999998,3.30000059604645));
#2364=CARTESIAN_POINT('',(15.0000002235174,-4.64999999999998,5.4412092343643));
#2365=CARTESIAN_POINT('Origin',(-5.00000007450581,-8.14999999999998,3.30000059604645));
#2366=CARTESIAN_POINT('',(-6.44590003725291,-8.15,3.30000059604645));
#2367=CARTESIAN_POINT('',(15.0000002235174,-4.64999999999998,3.30000059604645));
#2368=CARTESIAN_POINT('Origin',(5.00000007450581,-4.64999999999998,4.37060491520537));
#2369=CARTESIAN_POINT('Origin',(-7.89180000000002,-8.15,-43.35));
#2370=CARTESIAN_POINT('',(-8.37980000000002,-8.15,6.65000000000001));
#2371=CARTESIAN_POINT('',(-8.37979999999999,-8.15,-30.85));
#2372=CARTESIAN_POINT('',(16.75,-8.15,6.65000000000001));
#2373=CARTESIAN_POINT('',(-7.89180000000002,-8.15,6.65000000000001));
#2374=CARTESIAN_POINT('',(16.75,-8.15,-30.85));
#2375=CARTESIAN_POINT('',(-7.89180000000002,-8.15,6.65));
#2376=CARTESIAN_POINT('',(16.75,-8.15,-30.85));
#2377=CARTESIAN_POINT('',(15.0000002235174,-8.14999999999998,-40.4000005960464));
#2378=CARTESIAN_POINT('',(-5.00000007450581,-8.14999999999998,-40.4000005960464));
#2379=CARTESIAN_POINT('',(0.,-8.14999999999998,-40.4000005960465));
#2380=CARTESIAN_POINT('',(-5.00000007450581,-8.14999999999998,-42.1412092343643));
#2381=CARTESIAN_POINT('',(-5.00000007450581,-8.14999999999998,-40.0000005960464));
#2382=CARTESIAN_POINT('',(15.0000002235174,-8.14999999999998,-42.1412092343643));
#2383=CARTESIAN_POINT('',(-5.00000007450581,-8.14999999999998,-42.1412092343643));
#2384=CARTESIAN_POINT('',(15.0000002235174,-8.14999999999998,-42.1412092343643));
#2385=CARTESIAN_POINT('Origin',(4.00000005960464,-30.0000004470348,-43.35));
#2386=CARTESIAN_POINT('',(9.00000005960464,-30.0000004470348,-46.35));
#2387=CARTESIAN_POINT('Origin',(4.00000005960464,-30.0000004470348,-46.35));
#2388=CARTESIAN_POINT('',(9.00000005960464,-30.0000004470348,-43.35));
#2389=CARTESIAN_POINT('Origin',(4.00000005960464,-30.0000004470348,-46.35));
#2390=CARTESIAN_POINT('Ctrl Pts',(16.8549498776801,-124.747821024913,6.65));
#2391=CARTESIAN_POINT('Ctrl Pts',(16.239117233343,-124.729346557273,6.65));
#2392=CARTESIAN_POINT('Ctrl Pts',(15.0222245708891,-124.447178397306,6.65));
#2393=CARTESIAN_POINT('Ctrl Pts',(12.8569960881551,-123.237555607166,6.65));
#2394=CARTESIAN_POINT('Ctrl Pts',(9.71846611943603,-120.235416344842,6.65));
#2395=CARTESIAN_POINT('Ctrl Pts',(5.07006012151628,-112.901719468439,6.65));
#2396=CARTESIAN_POINT('Ctrl Pts',(2.14356152108109,-105.192867142346,6.65));
#2397=CARTESIAN_POINT('Ctrl Pts',(0.208949015830796,-98.934649646493,6.65));
#2398=CARTESIAN_POINT('Ctrl Pts',(-2.49719282525762,-89.4444233558959,6.65));
#2399=CARTESIAN_POINT('Ctrl Pts',(-5.1379648190128,-75.6626358659423,6.65));
#2400=CARTESIAN_POINT('Ctrl Pts',(-7.19897353297912,-57.7900229100398,6.65000000000001));
#2401=CARTESIAN_POINT('Ctrl Pts',(-8.16560814765405,-43.0652215851132,6.65));
#2402=CARTESIAN_POINT('Ctrl Pts',(-8.37980000000002,-33.1778794465591,6.65));
#2403=CARTESIAN_POINT('Ctrl Pts',(-8.37980000000002,-28.2500000000001,6.65));
#2404=CARTESIAN_POINT('Ctrl Pts',(16.8235489477099,-125.794547681127,6.65));
#2405=CARTESIAN_POINT('Ctrl Pts',(16.074237078567,-125.772068947649,6.65));
#2406=CARTESIAN_POINT('Ctrl Pts',(14.6158533386456,-125.426930074024,6.65));
#2407=CARTESIAN_POINT('Ctrl Pts',(12.1939436055369,-124.062034580841,6.65));
#2408=CARTESIAN_POINT('Ctrl Pts',(8.87031387977011,-120.866618647553,6.65));
#2409=CARTESIAN_POINT('Ctrl Pts',(4.11064467545396,-113.335974943654,6.65));
#2410=CARTESIAN_POINT('Ctrl Pts',(1.15630838968031,-105.544535907228,6.65));
#2411=CARTESIAN_POINT('Ctrl Pts',(-0.795165036860084,-99.2322985458108,
6.65));
#2412=CARTESIAN_POINT('Ctrl Pts',(-3.52157891672346,-89.6699370286576,6.65));
#2413=CARTESIAN_POINT('Ctrl Pts',(-6.17358940617452,-75.8225203986331,6.65));
#2414=CARTESIAN_POINT('Ctrl Pts',(-8.24257901282957,-57.8829078471689,6.65000000000001));
#2415=CARTESIAN_POINT('Ctrl Pts',(-9.21207884978097,-43.1105802589327,6.65));
#2416=CARTESIAN_POINT('Ctrl Pts',(-9.42699755119662,-33.1929955425867,6.65));
#2417=CARTESIAN_POINT('Ctrl Pts',(-9.42699755119662,-28.2500000000001,6.65));
#2418=CARTESIAN_POINT('Ctrl Pts',(16.7691861671085,-127.606690557645,5.77108820646761));
#2419=CARTESIAN_POINT('Ctrl Pts',(15.7903908814903,-127.577327512349,5.77108820646761));
#2420=CARTESIAN_POINT('Ctrl Pts',(13.9151205809321,-127.12331037289,5.77108820646761));
#2421=CARTESIAN_POINT('Ctrl Pts',(11.0506166794376,-125.490873056812,5.77108820646761));
#2422=CARTESIAN_POINT('Ctrl Pts',(7.40480191609544,-121.960866356445,5.77108820646761));
#2423=CARTESIAN_POINT('Ctrl Pts',(2.44950989426659,-114.087926934833,5.77108820646761));
#2424=CARTESIAN_POINT('Ctrl Pts',(-0.552579879483695,-106.15343954757,5.77108820646761));
#2425=CARTESIAN_POINT('Ctrl Pts',(-2.53350742099165,-99.7476243588375,5.77108820646761));
#2426=CARTESIAN_POINT('Ctrl Pts',(-5.294913239389,-90.0607041348593,5.77108820646761));
#2427=CARTESIAN_POINT('Ctrl Pts',(-7.96657017876463,-76.0991753802001,5.7710882064676));
#2428=CARTESIAN_POINT('Ctrl Pts',(-10.049288089885,-58.0437586066269,5.77108820646761));
#2429=CARTESIAN_POINT('Ctrl Pts',(-11.023788728998,-43.1891939750579,5.7710882064676));
#2430=CARTESIAN_POINT('Ctrl Pts',(-11.2399556634619,-33.218983806792,5.77108820646761));
#2431=CARTESIAN_POINT('Ctrl Pts',(-11.2399556634619,-28.2500000000001,5.77108820646761));
#2432=CARTESIAN_POINT('Ctrl Pts',(16.750000000009,-128.246247174366,3.93539816339745));
#2433=CARTESIAN_POINT('Ctrl Pts',(15.6895217330083,-128.214433707498,3.93539816339745));
#2434=CARTESIAN_POINT('Ctrl Pts',(13.6666046876115,-127.721930053901,3.93539816339745));
#2435=CARTESIAN_POINT('Ctrl Pts',(10.645126201147,-125.994519705561,3.93539816339745));
#2436=CARTESIAN_POINT('Ctrl Pts',(6.88635084641679,-122.346418238427,3.93539816339745));
#2437=CARTESIAN_POINT('Ctrl Pts',(1.86331274565528,-114.353248087417,3.93539816339745));
#2438=CARTESIAN_POINT('Ctrl Pts',(-1.15582075833865,-106.36830524157,3.93539816339745));
#2439=CARTESIAN_POINT('Ctrl Pts',(-3.14702963781972,-99.9294879940683,3.93539816339745));
#2440=CARTESIAN_POINT('Ctrl Pts',(-5.92082999890461,-90.198467046089,3.93539816339745));
#2441=CARTESIAN_POINT('Ctrl Pts',(-8.59933876205559,-76.1968772528195,3.93539816339745));
#2442=CARTESIAN_POINT('Ctrl Pts',(-10.6869400349252,-58.1005084263186,3.93539816339745));
#2443=CARTESIAN_POINT('Ctrl Pts',(-11.663188157988,-43.2169015815466,3.93539816339745));
#2444=CARTESIAN_POINT('Ctrl Pts',(-11.8798,-33.2282341436305,3.93539816339745));
#2445=CARTESIAN_POINT('Ctrl Pts',(-11.8798,-28.2500000000001,3.93539816339745));
#2446=CARTESIAN_POINT('Ctrl Pts',(16.750000000009,-128.246247174366,3.15));
#2447=CARTESIAN_POINT('Ctrl Pts',(15.6898313288585,-128.214442995116,3.15));
#2448=CARTESIAN_POINT('Ctrl Pts',(13.6671450583331,-127.721966321875,3.15));
#2449=CARTESIAN_POINT('Ctrl Pts',(10.6460114225625,-125.994802090491,3.15));
#2450=CARTESIAN_POINT('Ctrl Pts',(6.88690146758818,-122.346704291146,3.15));
#2451=CARTESIAN_POINT('Ctrl Pts',(1.86328391147672,-114.353276744098,3.15));
#2452=CARTESIAN_POINT('Ctrl Pts',(-1.15576448418212,-106.368320310304,3.15));
#2453=CARTESIAN_POINT('Ctrl Pts',(-3.14702431793989,-99.9294922276656,3.15));
#2454=CARTESIAN_POINT('Ctrl Pts',(-5.9208045867294,-90.1985341246456,3.15));
#2455=CARTESIAN_POINT('Ctrl Pts',(-8.59935003262782,-76.1968492891981,3.15));
#2456=CARTESIAN_POINT('Ctrl Pts',(-10.6869341854831,-58.1005169185071,3.15));
#2457=CARTESIAN_POINT('Ctrl Pts',(-11.663190114045,-43.2169183210695,3.15));
#2458=CARTESIAN_POINT('Ctrl Pts',(-11.8798,-33.2281990828889,3.15));
#2459=CARTESIAN_POINT('Ctrl Pts',(-11.8798,-28.2500000000001,3.15));
#2460=CARTESIAN_POINT('',(-8.37980000000002,-28.2500000000001,6.65));
#2461=CARTESIAN_POINT('Ctrl Pts',(16.7500024191532,-124.743489452122,6.65));
#2462=CARTESIAN_POINT('Ctrl Pts',(16.1700495701574,-124.713045614264,6.65));
#2463=CARTESIAN_POINT('Ctrl Pts',(14.9914531309084,-124.429987677998,6.65));
#2464=CARTESIAN_POINT('Ctrl Pts',(12.8569960881551,-123.237555607166,6.65));
#2465=CARTESIAN_POINT('Ctrl Pts',(9.71846611943603,-120.235416344842,6.65));
#2466=CARTESIAN_POINT('Ctrl Pts',(5.07006012151628,-112.901719468439,6.65));
#2467=CARTESIAN_POINT('Ctrl Pts',(2.14356152108109,-105.192867142346,6.65));
#2468=CARTESIAN_POINT('Ctrl Pts',(0.208949015830796,-98.934649646493,6.65));
#2469=CARTESIAN_POINT('Ctrl Pts',(-2.49719282525762,-89.4444233558959,6.65));
#2470=CARTESIAN_POINT('Ctrl Pts',(-5.1379648190128,-75.6626358659423,6.65));
#2471=CARTESIAN_POINT('Ctrl Pts',(-7.19897353297912,-57.7900229100398,6.65000000000001));
#2472=CARTESIAN_POINT('Ctrl Pts',(-8.16560814765405,-43.0652215851132,6.65));
#2473=CARTESIAN_POINT('Ctrl Pts',(-8.37980000000002,-33.1778794465591,6.65));
#2474=CARTESIAN_POINT('Ctrl Pts',(-8.37980000000002,-28.2500000000001,6.65));
#2475=CARTESIAN_POINT('',(-11.8798,-28.2500000000001,3.15));
#2476=CARTESIAN_POINT('Origin',(-8.37980000000002,-28.2500000000001,3.15));
#2477=CARTESIAN_POINT('Ctrl Pts',(-11.8798,-28.2500000000001,3.15));
#2478=CARTESIAN_POINT('Ctrl Pts',(-11.8798,-33.2281990828889,3.15));
#2479=CARTESIAN_POINT('Ctrl Pts',(-11.663190114045,-43.2169183210695,3.15));
#2480=CARTESIAN_POINT('Ctrl Pts',(-10.6869341854831,-58.1005169185071,3.15));
#2481=CARTESIAN_POINT('Ctrl Pts',(-8.59935003262782,-76.1968492891981,3.15));
#2482=CARTESIAN_POINT('Ctrl Pts',(-5.9208045867294,-90.1985341246456,3.15));
#2483=CARTESIAN_POINT('Ctrl Pts',(-3.14702431793989,-99.9294922276656,3.15));
#2484=CARTESIAN_POINT('Ctrl Pts',(-1.15576448418212,-106.368320310304,3.15));
#2485=CARTESIAN_POINT('Ctrl Pts',(1.86328391147672,-114.353276744098,3.15));
#2486=CARTESIAN_POINT('Ctrl Pts',(6.88690146758818,-122.346704291146,3.15));
#2487=CARTESIAN_POINT('Ctrl Pts',(10.6460114225625,-125.994802090491,3.15));
#2488=CARTESIAN_POINT('Ctrl Pts',(13.6671450583331,-127.721966321875,3.15));
#2489=CARTESIAN_POINT('Ctrl Pts',(15.6898313288585,-128.214442995116,3.15));
#2490=CARTESIAN_POINT('Ctrl Pts',(16.750000000009,-128.246247174366,3.15));
#2491=CARTESIAN_POINT('Origin',(-8.37980000000001,-47.725,3.15));
#2492=CARTESIAN_POINT('',(-11.8798,-11.65,3.15));
#2493=CARTESIAN_POINT('',(-11.8798,-47.725,3.15));
#2494=CARTESIAN_POINT('',(-8.37980000000001,-47.725,6.65));
#2495=CARTESIAN_POINT('Origin',(-8.37980000000002,-11.65,3.15));
#2496=CARTESIAN_POINT('Origin',(-8.37979999999999,-11.65,-30.85));
#2497=CARTESIAN_POINT('',(-11.8798,-11.65,-39.85));
#2498=CARTESIAN_POINT('',(-11.8798,-11.65,-30.85));
#2499=CARTESIAN_POINT('Origin',(-8.37979999999999,-11.65,-39.85));
#2500=CARTESIAN_POINT('Ctrl Pts',(16.7500000000087,-128.246247174366,-39.85));
#2501=CARTESIAN_POINT('Ctrl Pts',(16.2199156644335,-128.230345084741,-39.85));
#2502=CARTESIAN_POINT('Ctrl Pts',(15.1718230669784,-128.094811354115,-39.85));
#2503=CARTESIAN_POINT('Ctrl Pts',(13.2920821175533,-127.506334821241,-39.85));
#2504=CARTESIAN_POINT('Ctrl Pts',(10.6394519920074,-125.997520815346,-39.85));
#2505=CARTESIAN_POINT('Ctrl Pts',(6.8912214612922,-122.342792469072,-39.85));
#2506=CARTESIAN_POINT('Ctrl Pts',(3.29184987041651,-116.645796764892,-39.85));
#2507=CARTESIAN_POINT('Ctrl Pts',(0.060106459158165,-109.549381771391,-39.85));
#2508=CARTESIAN_POINT('Ctrl Pts',(-3.31039639505827,-99.9704384573058,-39.85));
#2509=CARTESIAN_POINT('Ctrl Pts',(-7.03099784133965,-85.2646784229836,-39.8500000000001));
#2510=CARTESIAN_POINT('Ctrl Pts',(-9.32375355059908,-70.4426340088092,-39.85));
#2511=CARTESIAN_POINT('Ctrl Pts',(-10.8489844270699,-55.6202495305067,-39.85));
#2512=CARTESIAN_POINT('Ctrl Pts',(-11.6639749621714,-43.2170383508371,-39.85));
#2513=CARTESIAN_POINT('Ctrl Pts',(-11.8798,-33.228199082889,-39.85));
#2514=CARTESIAN_POINT('Ctrl Pts',(-11.8798,-28.2500000000001,-39.85));
#2515=CARTESIAN_POINT('Ctrl Pts',(16.7500000000087,-128.246247174366,-40.8971975511966));
#2516=CARTESIAN_POINT('Ctrl Pts',(16.2192648524347,-128.230325560922,-40.8971975511966));
#2517=CARTESIAN_POINT('Ctrl Pts',(15.1702834744642,-128.094755291305,-40.8971975511966));
#2518=CARTESIAN_POINT('Ctrl Pts',(13.2888381886799,-127.505752102979,-40.8971975511966));
#2519=CARTESIAN_POINT('Ctrl Pts',(10.6353856677223,-125.996238237705,-40.8971975511966));
#2520=CARTESIAN_POINT('Ctrl Pts',(6.88804555185552,-122.341105510782,-40.8971975511966));
#2521=CARTESIAN_POINT('Ctrl Pts',(3.29139184452689,-116.645669481528,-40.8971975511966));
#2522=CARTESIAN_POINT('Ctrl Pts',(0.059727041195817,-109.549021734796,-40.8971975511966));
#2523=CARTESIAN_POINT('Ctrl Pts',(-3.31040865693556,-99.9703584577281,-40.8971975511966));
#2524=CARTESIAN_POINT('Ctrl Pts',(-7.03107006938067,-85.2645762308796,-40.8971975511966));
#2525=CARTESIAN_POINT('Ctrl Pts',(-9.3237318370277,-70.4426607155528,-40.8971975511966));
#2526=CARTESIAN_POINT('Ctrl Pts',(-10.8490033919662,-55.6202267011463,-40.8971975511966));
#2527=CARTESIAN_POINT('Ctrl Pts',(-11.6639700023996,-43.2169516349789,-40.8971975511966));
#2528=CARTESIAN_POINT('Ctrl Pts',(-11.8798,-33.2283464876508,-40.8971975511966));
#2529=CARTESIAN_POINT('Ctrl Pts',(-11.8798,-28.2500000000001,-40.8971975511966));
#2530=CARTESIAN_POINT('Ctrl Pts',(16.776357360115,-127.367644170035,-42.7100905494694));
#2531=CARTESIAN_POINT('Ctrl Pts',(16.3021542168019,-127.353418469747,-42.7100905494694));
#2532=CARTESIAN_POINT('Ctrl Pts',(15.3632537216095,-127.232300964118,-42.7100905494694));
#2533=CARTESIAN_POINT('Ctrl Pts',(13.6591774306665,-126.700081066177,-42.7100905494694));
#2534=CARTESIAN_POINT('Ctrl Pts',(11.1966560660505,-125.304931935225,-42.7100905494694));
#2535=CARTESIAN_POINT('Ctrl Pts',(7.60218241010137,-121.812518526168,-42.7100905494694));
#2536=CARTESIAN_POINT('Ctrl Pts',(4.07106897744805,-116.234388596144,-42.7100905494694));
#2537=CARTESIAN_POINT('Ctrl Pts',(0.87880545030936,-109.225679913036,-42.7100905494695));
#2538=CARTESIAN_POINT('Ctrl Pts',(-2.46509353565811,-99.7254424368396,-42.7100905494694));
#2539=CARTESIAN_POINT('Ctrl Pts',(-6.1666703700164,-85.0976150796348,-42.7100905494695));
#2540=CARTESIAN_POINT('Ctrl Pts',(-8.45206865300818,-70.3268749359486,-42.7100905494694));
#2541=CARTESIAN_POINT('Ctrl Pts',(-9.97264613508626,-55.5488548675097,-42.7100905494694));
#2542=CARTESIAN_POINT('Ctrl Pts',(-10.7855433613317,-43.1790158450125,-42.7100905494695));
#2543=CARTESIAN_POINT('Ctrl Pts',(-11.0008017351262,-33.2155423496843,-42.7100905494694));
#2544=CARTESIAN_POINT('Ctrl Pts',(-11.0008017351262,-28.2500000000001,-42.7100905494694));
#2545=CARTESIAN_POINT('Ctrl Pts',(16.8313991802023,-125.532866017073,-43.35));
#2546=CARTESIAN_POINT('Ctrl Pts',(16.4737947292204,-125.522138180674,-43.35));
#2547=CARTESIAN_POINT('Ctrl Pts',(15.7627859474967,-125.431120466413,-43.35));
#2548=CARTESIAN_POINT('Ctrl Pts',(14.4252932344091,-125.016301886866,-43.35));
#2549=CARTESIAN_POINT('Ctrl Pts',(12.3596509999832,-123.858413208725,-43.35));
#2550=CARTESIAN_POINT('Ctrl Pts',(9.08639967985985,-120.704899955518,-43.35));
#2551=CARTESIAN_POINT('Ctrl Pts',(5.69823610870796,-115.375229836941,-43.35));
#2552=CARTESIAN_POINT('Ctrl Pts',(2.58842981332737,-108.549642537818,-43.35));
#2553=CARTESIAN_POINT('Ctrl Pts',(-0.699857589405691,-99.2138076376308,
-43.35));
#2554=CARTESIAN_POINT('Ctrl Pts',(-4.36171449084773,-84.748723012619,-43.35));
#2555=CARTESIAN_POINT('Ctrl Pts',(-6.63173426375158,-70.0851403835328,-43.35));
#2556=CARTESIAN_POINT('Ctrl Pts',(-8.14260019904961,-55.3997586648011,-43.35));
#2557=CARTESIAN_POINT('Ctrl Pts',(-8.95112240588382,-43.0996008280631,-43.35));
#2558=CARTESIAN_POINT('Ctrl Pts',(-9.16519816339747,-33.18913349044,-43.35));
#2559=CARTESIAN_POINT('Ctrl Pts',(-9.16519816339747,-28.2500000000001,-43.35));
#2560=CARTESIAN_POINT('Ctrl Pts',(16.85494987768,-124.747821024913,-43.35));
#2561=CARTESIAN_POINT('Ctrl Pts',(16.5470335555114,-124.738583791093,-43.35));
#2562=CARTESIAN_POINT('Ctrl Pts',(15.9332583116353,-124.660433572562,-43.35));
#2563=CARTESIAN_POINT('Ctrl Pts',(14.7520894083721,-124.295684858432,-43.35));
#2564=CARTESIAN_POINT('Ctrl Pts',(12.8560057043247,-123.239096618351,-43.35));
#2565=CARTESIAN_POINT('Ctrl Pts',(9.72047031927985,-120.230463489605,-43.35));
#2566=CARTESIAN_POINT('Ctrl Pts',(6.39430938915562,-115.00758301529,-43.35));
#2567=CARTESIAN_POINT('Ctrl Pts',(3.31980826076598,-108.260275876236,-43.35));
#2568=CARTESIAN_POINT('Ctrl Pts',(0.0554286526868675,-98.9948701946822,
-43.35));
#2569=CARTESIAN_POINT('Ctrl Pts',(-3.58945182129695,-84.5994113170985,-43.35));
#2570=CARTESIAN_POINT('Ctrl Pts',(-5.85286261135025,-69.981717865316,-43.35));
#2571=CARTESIAN_POINT('Ctrl Pts',(-7.35958582960049,-55.335957951694,-43.35));
#2572=CARTESIAN_POINT('Ctrl Pts',(-8.16622871682085,-43.0655948286751,-43.35));
#2573=CARTESIAN_POINT('Ctrl Pts',(-8.37980000000002,-33.1778794465591,-43.35));
#2574=CARTESIAN_POINT('Ctrl Pts',(-8.37980000000002,-28.2500000000001,-43.35));
#2575=CARTESIAN_POINT('',(-11.8798,-28.25,-39.85));
#2576=CARTESIAN_POINT('Ctrl Pts',(16.7500000000087,-128.246247174366,-39.85));
#2577=CARTESIAN_POINT('Ctrl Pts',(16.2199156644335,-128.230345084741,-39.85));
#2578=CARTESIAN_POINT('Ctrl Pts',(15.1718230669784,-128.094811354115,-39.85));
#2579=CARTESIAN_POINT('Ctrl Pts',(13.2920821175533,-127.506334821241,-39.85));
#2580=CARTESIAN_POINT('Ctrl Pts',(10.6394519920074,-125.997520815346,-39.85));
#2581=CARTESIAN_POINT('Ctrl Pts',(6.8912214612922,-122.342792469072,-39.85));
#2582=CARTESIAN_POINT('Ctrl Pts',(3.29184987041651,-116.645796764892,-39.85));
#2583=CARTESIAN_POINT('Ctrl Pts',(0.060106459158165,-109.549381771391,-39.85));
#2584=CARTESIAN_POINT('Ctrl Pts',(-3.31039639505827,-99.9704384573058,-39.85));
#2585=CARTESIAN_POINT('Ctrl Pts',(-7.03099784133965,-85.2646784229836,-39.8500000000001));
#2586=CARTESIAN_POINT('Ctrl Pts',(-9.32375355059908,-70.4426340088092,-39.85));
#2587=CARTESIAN_POINT('Ctrl Pts',(-10.8489844270699,-55.6202495305067,-39.85));
#2588=CARTESIAN_POINT('Ctrl Pts',(-11.6639749621714,-43.2170383508371,-39.85));
#2589=CARTESIAN_POINT('Ctrl Pts',(-11.8798,-33.228199082889,-39.85));
#2590=CARTESIAN_POINT('Ctrl Pts',(-11.8798,-28.2500000000001,-39.85));
#2591=CARTESIAN_POINT('Origin',(-8.37980000000002,-28.2500000000001,-39.85));
#2592=CARTESIAN_POINT('Origin',(-8.37979999999997,-47.725,-39.85));
#2593=CARTESIAN_POINT('',(-11.8798,-47.725,-39.85));
#2594=CARTESIAN_POINT('Origin',(-11.8798,-17.2,-18.35));
#2595=CARTESIAN_POINT('',(-11.8798,-28.25,6.65));
#2596=CARTESIAN_POINT('',(-11.8798,-18.0502767614379,-21.0723389490558));
#2597=CARTESIAN_POINT('',(-11.8798,-21.95912879556,-21.1014965358762));
#2598=CARTESIAN_POINT('Origin',(-11.8798,-20.0489844145297,-15.1505429615641));
#2599=CARTESIAN_POINT('Origin',(-11.8798,-20.009316056419,-20.4684639282774));
#2600=CARTESIAN_POINT('Origin',(45.8802,-20.009316056419,-20.4684639282774));
#2601=CARTESIAN_POINT('',(-7.8918,-18.0502767614379,-21.0723389490558));
#2602=CARTESIAN_POINT('',(-7.8918,-21.95912879556,-21.1014965358762));
#2603=CARTESIAN_POINT('Origin',(-7.8918,-20.009316056419,-20.4684639282774));
#2604=CARTESIAN_POINT('',(45.8802,-18.0502767614379,-21.0723389490558));
#2605=CARTESIAN_POINT('',(45.8802,-21.95912879556,-21.1014965358762));
#2606=CARTESIAN_POINT('Origin',(45.8802,-20.0489844145297,-15.1505429615641));
#2607=CARTESIAN_POINT('Origin',(-7.8918,-20.0489844145297,-15.1505429615641));
#2608=CARTESIAN_POINT('Origin',(16.75,-119.157390154694,3.74264739494284));
#2609=CARTESIAN_POINT('',(13.75,-119.157390154694,3.74264739494284));
#2610=CARTESIAN_POINT('',(16.75,-119.157390154694,3.74264739494284));
#2611=CARTESIAN_POINT('',(13.75,-119.157390154694,5.55735260506128));
#2612=CARTESIAN_POINT('',(13.75,-119.157390154694,3.74264739494284));
#2613=CARTESIAN_POINT('',(16.75,-119.157390154694,5.55735260506128));
#2614=CARTESIAN_POINT('Origin',(16.75,-109.752524039158,3.74264739494253));
#2615=CARTESIAN_POINT('',(13.75,-109.752524039158,3.74264739494253));
#2616=CARTESIAN_POINT('',(16.75,-109.752524039158,3.74264739494253));
#2617=CARTESIAN_POINT('',(13.75,-109.752524039158,3.74264739494253));
#2618=CARTESIAN_POINT('Origin',(16.75,-109.752524039158,5.55735260506097));
#2619=CARTESIAN_POINT('',(13.75,-109.752524039158,5.55735260506097));
#2620=CARTESIAN_POINT('',(16.75,-109.752524039158,5.55735260506097));
#2621=CARTESIAN_POINT('',(13.75,-109.752524039158,5.55735260506097));
#2622=CARTESIAN_POINT('Origin',(16.75,-119.157390154694,5.55735260506128));
#2623=CARTESIAN_POINT('',(13.75,-119.157390154694,5.55735260506128));
#2624=CARTESIAN_POINT('Origin',(13.75,-114.454957096926,4.6500000000019));
#2625=CARTESIAN_POINT('Origin',(16.75,-19.157390154695,-40.4426473949408));
#2626=CARTESIAN_POINT('',(16.75,-19.157390154695,-40.4426473949408));
#2627=CARTESIAN_POINT('',(16.75,-9.75252403915847,-40.4426473949408));
#2628=CARTESIAN_POINT('',(16.75,-43.6786950773475,-40.4426473949408));
#2629=CARTESIAN_POINT('',(13.75,-19.157390154695,-40.4426473949408));
#2630=CARTESIAN_POINT('',(16.75,-19.157390154695,-40.4426473949408));
#2631=CARTESIAN_POINT('',(13.75,-9.75252403915847,-40.4426473949408));
#2632=CARTESIAN_POINT('',(13.75,-9.75252403915847,-40.4426473949408));
#2633=CARTESIAN_POINT('',(16.75,-9.75252403915847,-40.4426473949408));
#2634=CARTESIAN_POINT('Origin',(16.75,-19.157390154695,-42.2573526050592));
#2635=CARTESIAN_POINT('',(16.75,-19.157390154695,-42.2573526050592));
#2636=CARTESIAN_POINT('',(16.75,-19.157390154695,-30.3036763025296));
#2637=CARTESIAN_POINT('',(13.75,-19.157390154695,-42.2573526050592));
#2638=CARTESIAN_POINT('',(16.75,-19.157390154695,-42.2573526050592));
#2639=CARTESIAN_POINT('',(13.75,-19.157390154695,-40.4426473949408));
#2640=CARTESIAN_POINT('Origin',(16.75,-9.75252403915847,-42.2573526050592));
#2641=CARTESIAN_POINT('',(16.75,-9.75252403915847,-42.2573526050592));
#2642=CARTESIAN_POINT('',(16.75,-38.9762620195792,-42.2573526050592));
#2643=CARTESIAN_POINT('',(13.75,-9.75252403915847,-42.2573526050592));
#2644=CARTESIAN_POINT('',(16.75,-9.75252403915847,-42.2573526050592));
#2645=CARTESIAN_POINT('',(13.75,-19.157390154695,-42.2573526050592));
#2646=CARTESIAN_POINT('Origin',(16.75,-9.75252403915847,-40.4426473949408));
#2647=CARTESIAN_POINT('',(16.75,-9.75252403915847,-29.3963236974704));
#2648=CARTESIAN_POINT('',(13.75,-9.75252403915847,-42.2573526050592));
#2649=CARTESIAN_POINT('Origin',(13.75,-14.4549570969267,-41.35));
#2650=CARTESIAN_POINT('Origin',(16.75,-119.157390154695,-42.2573526050576));
#2651=CARTESIAN_POINT('',(13.75,-119.157390154695,-42.2573526050576));
#2652=CARTESIAN_POINT('',(16.75,-119.157390154695,-42.2573526050576));
#2653=CARTESIAN_POINT('',(13.75,-119.157390154695,-40.4426473949391));
#2654=CARTESIAN_POINT('',(13.75,-119.157390154695,-40.4426473949391));
#2655=CARTESIAN_POINT('',(16.75,-119.157390154695,-40.4426473949391));
#2656=CARTESIAN_POINT('Origin',(16.75,-109.752524039158,-42.2573526050576));
#2657=CARTESIAN_POINT('',(13.75,-109.752524039158,-42.2573526050576));
#2658=CARTESIAN_POINT('',(16.75,-109.752524039158,-42.2573526050576));
#2659=CARTESIAN_POINT('',(13.75,-119.157390154695,-42.2573526050576));
#2660=CARTESIAN_POINT('Origin',(16.75,-109.752524039158,-40.4426473949391));
#2661=CARTESIAN_POINT('',(13.75,-109.752524039158,-40.4426473949391));
#2662=CARTESIAN_POINT('',(16.75,-109.752524039158,-40.4426473949391));
#2663=CARTESIAN_POINT('',(13.75,-109.752524039158,-42.2573526050576));
#2664=CARTESIAN_POINT('Origin',(16.75,-119.157390154695,-40.4426473949391));
#2665=CARTESIAN_POINT('',(13.75,-109.752524039158,-40.4426473949391));
#2666=CARTESIAN_POINT('Origin',(13.75,-114.454957096927,-41.3499999999984));
#2667=CARTESIAN_POINT('Origin',(16.75,-69.157390154695,-42.2573526050584));
#2668=CARTESIAN_POINT('',(16.75,-69.157390154695,-42.2573526050584));
#2669=CARTESIAN_POINT('',(16.75,-69.157390154695,-40.44264739494));
#2670=CARTESIAN_POINT('',(16.75,-69.157390154695,-30.3036763025292));
#2671=CARTESIAN_POINT('',(13.75,-69.157390154695,-42.2573526050584));
#2672=CARTESIAN_POINT('',(16.75,-69.157390154695,-42.2573526050584));
#2673=CARTESIAN_POINT('',(13.75,-69.157390154695,-40.44264739494));
#2674=CARTESIAN_POINT('',(13.75,-69.157390154695,-40.44264739494));
#2675=CARTESIAN_POINT('',(16.75,-69.157390154695,-40.44264739494));
#2676=CARTESIAN_POINT('Origin',(16.75,-59.7525240391585,-42.2573526050584));
#2677=CARTESIAN_POINT('',(16.75,-59.7525240391585,-42.2573526050584));
#2678=CARTESIAN_POINT('',(16.75,-63.9762620195792,-42.2573526050584));
#2679=CARTESIAN_POINT('',(13.75,-59.7525240391585,-42.2573526050584));
#2680=CARTESIAN_POINT('',(16.75,-59.7525240391585,-42.2573526050584));
#2681=CARTESIAN_POINT('',(13.75,-69.157390154695,-42.2573526050584));
#2682=CARTESIAN_POINT('Origin',(16.75,-59.7525240391585,-40.44264739494));
#2683=CARTESIAN_POINT('',(16.75,-59.7525240391585,-40.44264739494));
#2684=CARTESIAN_POINT('',(16.75,-59.7525240391585,-29.39632369747));
#2685=CARTESIAN_POINT('',(13.75,-59.7525240391585,-40.44264739494));
#2686=CARTESIAN_POINT('',(16.75,-59.7525240391585,-40.44264739494));
#2687=CARTESIAN_POINT('',(13.75,-59.7525240391585,-42.2573526050584));
#2688=CARTESIAN_POINT('Origin',(16.75,-69.157390154695,-40.44264739494));
#2689=CARTESIAN_POINT('',(16.75,-68.6786950773475,-40.44264739494));
#2690=CARTESIAN_POINT('',(13.75,-59.7525240391585,-40.44264739494));
#2691=CARTESIAN_POINT('Origin',(13.75,-64.4549570969267,-41.3499999999992));
#2692=CARTESIAN_POINT('Origin',(16.75,-9.75252403915775,3.74264739494087));
#2693=CARTESIAN_POINT('',(16.75,-9.75252403915775,3.74264739494087));
#2694=CARTESIAN_POINT('',(16.75,-19.1573901546942,3.74264739494118));
#2695=CARTESIAN_POINT('',(16.75,-38.9762620195785,3.74264739494183));
#2696=CARTESIAN_POINT('',(13.75,-9.75252403915775,3.74264739494087));
#2697=CARTESIAN_POINT('',(16.75,-9.75252403915775,3.74264739494087));
#2698=CARTESIAN_POINT('',(13.75,-19.1573901546942,3.74264739494118));
#2699=CARTESIAN_POINT('',(13.75,-9.75252403915775,3.74264739494087));
#2700=CARTESIAN_POINT('',(16.75,-19.1573901546942,3.74264739494118));
#2701=CARTESIAN_POINT('Origin',(16.75,-9.75252403915769,5.55735260505931));
#2702=CARTESIAN_POINT('',(16.75,-9.75252403915769,5.55735260505931));
#2703=CARTESIAN_POINT('',(16.75,-9.75252403915808,-6.39632369747131));
#2704=CARTESIAN_POINT('',(13.75,-9.75252403915769,5.55735260505931));
#2705=CARTESIAN_POINT('',(16.75,-9.75252403915769,5.55735260505931));
#2706=CARTESIAN_POINT('',(13.75,-9.75252403915769,5.55735260505931));
#2707=CARTESIAN_POINT('Origin',(16.75,-19.1573901546942,5.55735260505962));
#2708=CARTESIAN_POINT('',(16.75,-19.1573901546942,5.55735260505962));
#2709=CARTESIAN_POINT('',(16.75,-43.6786950773467,5.55735260506043));
#2710=CARTESIAN_POINT('',(13.75,-19.1573901546942,5.55735260505962));
#2711=CARTESIAN_POINT('',(16.75,-19.1573901546942,5.55735260505962));
#2712=CARTESIAN_POINT('',(13.75,-19.1573901546942,5.55735260505962));
#2713=CARTESIAN_POINT('Origin',(16.75,-19.1573901546942,3.74264739494118));
#2714=CARTESIAN_POINT('',(16.75,-19.1573901546946,-7.30367630253025));
#2715=CARTESIAN_POINT('',(13.75,-19.1573901546942,3.74264739494118));
#2716=CARTESIAN_POINT('Origin',(13.75,-14.454957096926,4.65000000000024));
#2717=CARTESIAN_POINT('Origin',(16.75,-54.8767386952739,6.64999999999995));
#2718=CARTESIAN_POINT('',(16.75,-34.8767386952739,6.65));
#2719=CARTESIAN_POINT('',(16.75,-34.8767386952739,6.64999999999995));
#2720=CARTESIAN_POINT('',(9.49120939280066,-36.240484808806,6.65));
#2721=CARTESIAN_POINT('Origin',(16.75,-54.8767386952739,6.65));
#2722=CARTESIAN_POINT('',(4.33305990596231,-70.5553737985263,6.65));
#2723=CARTESIAN_POINT('Origin',(16.75,-54.8767386952739,6.65));
#2724=CARTESIAN_POINT('Origin',(16.75,-54.8767386952739,6.65));
#2725=CARTESIAN_POINT('Origin',(17.0002,-78.25,6.65));
#2726=CARTESIAN_POINT('',(16.75,-73.225,6.65));
#2727=CARTESIAN_POINT('Origin',(16.75,-68.2,-18.35));
#2728=CARTESIAN_POINT('Origin',(-7.8918,-17.2,-18.35));
#2729=CARTESIAN_POINT('',(-7.89180000000001,-28.25,-5.85));
#2730=CARTESIAN_POINT('Origin',(-11.8798,-28.25,6.65));
#2731=CARTESIAN_POINT('Ctrl Pts',(16.750000000009,-128.246247174366,3.15));
#2732=CARTESIAN_POINT('Ctrl Pts',(-11.8798,-127.387376962622,3.15));
#2733=CARTESIAN_POINT('Ctrl Pts',(-11.8798,-28.25,3.15));
#2734=CARTESIAN_POINT('Ctrl Pts',(16.750000000009,-128.246247174366,-39.85));
#2735=CARTESIAN_POINT('Ctrl Pts',(-11.8798,-127.387376962622,-39.85));
#2736=CARTESIAN_POINT('Ctrl Pts',(-11.8798,-28.25,-39.85));
#2737=CARTESIAN_POINT('Origin',(16.75,-68.2,-18.35));
#2738=CARTESIAN_POINT('Origin',(-5.00000007450581,-8.14999999999998,-40.4000005960464));
#2739=CARTESIAN_POINT('',(15.0000002235174,-4.64999999999998,-40.4000005960464));
#2740=CARTESIAN_POINT('',(15.0000002235174,-8.14999999999998,-40.4000005960464));
#2741=CARTESIAN_POINT('',(-5.00000007450581,-4.64999999999998,-40.4000005960464));
#2742=CARTESIAN_POINT('',(0.,-4.64999999999998,-40.4000005960465));
#2743=CARTESIAN_POINT('',(-5.00000007450581,-8.14999999999998,-40.4000005960464));
#2744=CARTESIAN_POINT('Origin',(-5.00000007450581,-8.14999999999998,-42.1412092343643));
#2745=CARTESIAN_POINT('',(-5.00000007450581,-4.64999999999998,-42.1412092343643));
#2746=CARTESIAN_POINT('',(-5.00000007450581,-4.64999999999998,-40.0000005960464));
#2747=CARTESIAN_POINT('',(-5.00000007450581,-8.14999999999998,-42.1412092343643));
#2748=CARTESIAN_POINT('Origin',(15.0000002235174,-8.14999999999998,-42.1412092343643));
#2749=CARTESIAN_POINT('',(15.0000002235174,-4.64999999999998,-42.1412092343643));
#2750=CARTESIAN_POINT('',(-5.00000007450581,-4.64999999999998,-42.1412092343643));
#2751=CARTESIAN_POINT('',(15.0000002235174,-8.14999999999998,-42.1412092343643));
#2752=CARTESIAN_POINT('Origin',(15.0000002235174,-8.14999999999998,-40.0000005960464));
#2753=CARTESIAN_POINT('',(15.0000002235174,-4.64999999999998,-42.1412092343643));
#2754=CARTESIAN_POINT('Origin',(5.00000007450581,-4.64999999999998,-41.0706049152054));
#2755=CARTESIAN_POINT('Origin',(29.1669400940337,-70.5553737985263,6.65));
#2756=CARTESIAN_POINT('',(4.33305990596231,-70.5553737985263,6.65));
#2757=CARTESIAN_POINT('',(29.1669400940337,-70.5553737985263,6.65));
#2758=CARTESIAN_POINT('',(4.33305990596231,-70.5553737985263,6.65));
#2759=CARTESIAN_POINT('',(4.33305990596231,-70.5553737985263,7.65));
#2760=CARTESIAN_POINT('',(4.33305990596231,-70.5553737985263,6.65));
#2761=CARTESIAN_POINT('',(29.1669400940337,-70.5553737985263,7.65));
#2762=CARTESIAN_POINT('',(4.33305990596231,-70.5553737985263,7.65));
#2763=CARTESIAN_POINT('',(29.1669400940337,-70.5553737985263,6.65));
#2764=CARTESIAN_POINT('Origin',(16.75,-54.8767386952739,6.65));
#2765=CARTESIAN_POINT('',(16.75,-74.8767386952739,6.65));
#2766=CARTESIAN_POINT('Origin',(16.75,-54.8767386952739,6.65));
#2767=CARTESIAN_POINT('Origin',(16.75,-54.8767386952739,6.65));
#2768=CARTESIAN_POINT('Origin',(16.75,-54.8767386952739,7.65));
#2769=CARTESIAN_POINT('Origin',(16.749999999998,-72.7160562469001,7.65));
#2770=CARTESIAN_POINT('Origin',(16.749999999998,-72.7160562469001,6.65));
#2771=CARTESIAN_POINT('Origin',(16.7499999999996,-35.5586117520392,2.65));
#2772=CARTESIAN_POINT('',(16.75,-34.8767386952739,2.65));
#2773=CARTESIAN_POINT('',(9.49120939280066,-36.240484808806,2.65));
#2774=CARTESIAN_POINT('Origin',(16.75,-54.8767386952739,2.65));
#2775=CARTESIAN_POINT('',(24.0087906071986,-36.2404848088057,2.65));
#2776=CARTESIAN_POINT('',(24.0087906071985,-36.240484808806,2.65));
#2777=CARTESIAN_POINT('Origin',(16.75,-54.8767386952739,2.65));
#2778=CARTESIAN_POINT('Origin',(16.7499999999996,-35.5586117520392,1.65));
#2779=CARTESIAN_POINT('',(9.49120939280066,-36.240484808806,1.65));
#2780=CARTESIAN_POINT('',(24.0087906071986,-36.2404848088057,1.65));
#2781=CARTESIAN_POINT('Origin',(16.75,-54.8767386952739,1.65));
#2782=CARTESIAN_POINT('',(24.0087906071985,-36.240484808806,1.65));
#2783=CARTESIAN_POINT('Origin',(16.75,-54.8767386952739,2.65));
#2784=CARTESIAN_POINT('',(24.0087906071986,-36.2404848088057,2.65));
#2785=CARTESIAN_POINT('',(9.49120939280066,-36.240484808806,2.65));
#2786=CARTESIAN_POINT('Origin',(24.0087906071985,-36.240484808806,2.65));
#2787=CARTESIAN_POINT('Origin',(16.75,-54.8767386952739,2.65));
#2788=CARTESIAN_POINT('',(29.1669400940337,-70.555373798534,2.65));
#2789=CARTESIAN_POINT('',(16.75,-74.8767386952739,2.65));
#2790=CARTESIAN_POINT('Origin',(16.75,-54.8767386952739,2.65));
#2791=CARTESIAN_POINT('',(4.3330599059623,-70.5553737985308,2.65));
#2792=CARTESIAN_POINT('Origin',(16.75,-54.8767386952739,2.65));
#2793=CARTESIAN_POINT('',(4.3330599059623,-70.5553737985308,1.65));
#2794=CARTESIAN_POINT('',(4.3330599059623,-70.5553737985308,2.65));
#2795=CARTESIAN_POINT('',(29.1669400940337,-70.555373798534,1.65));
#2796=CARTESIAN_POINT('Origin',(16.75,-54.8767386952739,1.65));
#2797=CARTESIAN_POINT('',(29.1669400940337,-70.555373798534,2.65));
#2798=CARTESIAN_POINT('Origin',(4.3330599059623,-70.5553737985308,2.65));
#2799=CARTESIAN_POINT('',(4.3330599059623,-70.5553737985308,2.65));
#2800=CARTESIAN_POINT('',(4.3330599059623,-70.5553737985308,1.65));
#2801=CARTESIAN_POINT('Origin',(16.749999999998,-72.7160562469024,1.65));
#2802=CARTESIAN_POINT('Origin',(16.749999999998,-72.7160562469024,2.65));
#2803=CARTESIAN_POINT('Origin',(16.7499999999996,-35.5586117520407,6.65));
#2804=CARTESIAN_POINT('',(9.49120939280066,-36.240484808806,6.65));
#2805=CARTESIAN_POINT('',(24.0087906071985,-36.240484808806,6.65));
#2806=CARTESIAN_POINT('',(9.49120939280066,-36.240484808806,6.65));
#2807=CARTESIAN_POINT('',(16.75,-34.8767386952739,6.65));
#2808=CARTESIAN_POINT('Origin',(16.75,-54.8767386952739,6.65));
#2809=CARTESIAN_POINT('Origin',(16.75,-54.8767386952739,6.65));
#2810=CARTESIAN_POINT('Origin',(16.7499999999996,-35.5586117520407,7.65));
#2811=CARTESIAN_POINT('',(9.49120939280066,-36.240484808806,7.65));
#2812=CARTESIAN_POINT('',(24.0087906071985,-36.240484808806,7.65));
#2813=CARTESIAN_POINT('',(9.49120939280066,-36.240484808806,7.65));
#2814=CARTESIAN_POINT('Origin',(16.75,-54.8767386952739,7.65));
#2815=CARTESIAN_POINT('Origin',(9.49120939280066,-36.240484808806,6.65));
#2816=CARTESIAN_POINT('',(24.0087906071985,-36.240484808806,6.65));
#2817=CARTESIAN_POINT('',(9.49120939280066,-36.240484808806,6.65));
#2818=CARTESIAN_POINT('Origin',(16.75,-54.8767386952739,6.65));
#2819=CARTESIAN_POINT('',(0.,0.,0.));
#2820=UNCERTAINTY_MEASURE_WITH_UNIT(LENGTH_MEASURE(0.01),#2826,
'DISTANCE_ACCURACY_VALUE',
'Maximum model space distance between geometric entities at asserted c
onnectivities');
#2821=UNCERTAINTY_MEASURE_WITH_UNIT(LENGTH_MEASURE(0.01),#2826,
'DISTANCE_ACCURACY_VALUE',
'Maximum model space distance between geometric entities at asserted c
onnectivities');
#2822=UNCERTAINTY_MEASURE_WITH_UNIT(LENGTH_MEASURE(0.01),#2826,
'DISTANCE_ACCURACY_VALUE',
'Maximum model space distance between geometric entities at asserted c
onnectivities');
#2823=(
GEOMETRIC_REPRESENTATION_CONTEXT(3)
GLOBAL_UNCERTAINTY_ASSIGNED_CONTEXT((#2820))
GLOBAL_UNIT_ASSIGNED_CONTEXT((#2826,#2828,#2829))
REPRESENTATION_CONTEXT('','3D')
);
#2824=(
GEOMETRIC_REPRESENTATION_CONTEXT(3)
GLOBAL_UNCERTAINTY_ASSIGNED_CONTEXT((#2821))
GLOBAL_UNIT_ASSIGNED_CONTEXT((#2826,#2828,#2829))
REPRESENTATION_CONTEXT('','3D')
);
#2825=(
GEOMETRIC_REPRESENTATION_CONTEXT(3)
GLOBAL_UNCERTAINTY_ASSIGNED_CONTEXT((#2822))
GLOBAL_UNIT_ASSIGNED_CONTEXT((#2826,#2828,#2829))
REPRESENTATION_CONTEXT('','3D')
);
#2826=(
LENGTH_UNIT()
NAMED_UNIT(*)
SI_UNIT(.MILLI.,.METRE.)
);
#2827=(
LENGTH_UNIT()
NAMED_UNIT(*)
SI_UNIT($,.METRE.)
);
#2828=(
NAMED_UNIT(*)
PLANE_ANGLE_UNIT()
SI_UNIT($,.RADIAN.)
);
#2829=(
NAMED_UNIT(*)
SI_UNIT($,.STERADIAN.)
SOLID_ANGLE_UNIT()
);
#2830=SHAPE_DEFINITION_REPRESENTATION(#2832,#2835);
#2831=SHAPE_DEFINITION_REPRESENTATION(#2833,#2836);
#2832=PRODUCT_DEFINITION_SHAPE('',$,#2838);
#2833=PRODUCT_DEFINITION_SHAPE('',$,#2839);
#2834=PRODUCT_DEFINITION_SHAPE($,$,#16);
#2835=SHAPE_REPRESENTATION('',(#1560,#1677),#2823);
#2836=SHAPE_REPRESENTATION('',(#1561),#2824);
#2837=PRODUCT_DEFINITION_CONTEXT('part definition',#2845,'design');
#2838=PRODUCT_DEFINITION('rightbody','rightbody',#2840,#2837);
#2839=PRODUCT_DEFINITION('Component2','Component2',#2841,#2837);
#2840=PRODUCT_DEFINITION_FORMATION('',$,#2847);
#2841=PRODUCT_DEFINITION_FORMATION('',$,#2848);
#2842=PRODUCT_RELATED_PRODUCT_CATEGORY('rightbody','rightbody',(#2847));
#2843=PRODUCT_RELATED_PRODUCT_CATEGORY('Component2','Component2',(#2848));
#2844=APPLICATION_PROTOCOL_DEFINITION('international standard',
'automotive_design',2009,#2845);
#2845=APPLICATION_CONTEXT(
'Core Data for Automotive Mechanical Design Process');
#2846=PRODUCT_CONTEXT('part definition',#2845,'mechanical');
#2847=PRODUCT('rightbody','rightbody',$,(#2846));
#2848=PRODUCT('Component2','Component2',$,(#2846));
#2849=PRESENTATION_STYLE_ASSIGNMENT((#2850));
#2850=SURFACE_STYLE_USAGE(.BOTH.,#2851);
#2851=SURFACE_SIDE_STYLE('',(#2852));
#2852=SURFACE_STYLE_FILL_AREA(#2853);
#2853=FILL_AREA_STYLE('Steel - Satin',(#2854));
#2854=FILL_AREA_STYLE_COLOUR('Steel - Satin',#2855);
#2855=COLOUR_RGB('Steel - Satin',0.627450980392157,0.627450980392157,0.627450980392157);
ENDSEC;
END-ISO-10303-21;
